post_id,GPT4o_mini,GPT4o,Llama3_3_70B,Llama3_1_8B,Claude_Sonnet_4_5,Claude_Haiku_4_5
bkhtr4,THREAT,THREAT,THREAT,THREAT,THREAT,THREAT
co5wtp,DIPLOMACY,DIPLOMACY,THREAT,DIPLOMACY,DIPLOMACY,DIPLOMACY
egogbm,NEUTRAL,THREAT,THREAT,THREAT,THREAT,NEUTRAL
ddcymd,DIPLOMACY,NEUTRAL,NEUTRAL,THREAT,NEUTRAL,NEUTRAL
agf559,NEUTRAL,NEUTRAL,NEUTRAL,,NEUTRAL,NEUTRAL
7g7kf1,THREAT,THREAT,THREAT,THREAT,THREAT,THREAT
8k7lmz,THREAT,THREAT,THREAT,THREAT,THREAT,THREAT
705mkx,THREAT,THREAT,THREAT,THREAT,THREAT,THREAT
7g7hx7,THREAT,THREAT,THREAT,THREAT,THREAT,THREAT
cs5v7a,NEUTRAL,NEUTRAL,NEUTRAL,NEUTRAL,NEUTRAL,NEUTRAL
6ld385,THREAT,THREAT,THREAT,THREAT,THREAT,THREAT
8vfssy,THREAT,THREAT,THREAT,THREAT,THREAT,THREAT
dc3iw3,THREAT,THREAT,THREAT,THREAT,THREAT,THREAT
67b7k7,THREAT,THREAT,THREAT,THREAT,THREAT,NEUTRAL
79tdwf,DIPLOMACY,DIPLOMACY,DIPLOMACY,DIPLOMACY,THREAT,ECONOMIC
8ax58d,DIPLOMACY,DIPLOMACY,THREAT,DIPLOMACY,DIPLOMACY,DIPLOMACY
8821ce,THREAT,NEUTRAL,NEUTRAL,DIPLOMACY,NEUTRAL,NEUTRAL
660f4f,HUMANITARIAN,HUMANITARIAN,HUMANITARIAN,DIPLOMACY,HUMANITARIAN,HUMANITARIAN
9wgj82,DIPLOMACY,DIPLOMACY,DIPLOMACY,DIPLOMACY,DIPLOMACY,DIPLOMACY
7igxi5,THREAT,THREAT,THREAT,THREAT,THREAT,THREAT
7kgvlb,ECONOMIC,THREAT,ECONOMIC,ECONOMIC,THREAT,THREAT
9gnitg,THREAT,DIPLOMACY,DIPLOMACY,DIPLOMACY,DIPLOMACY,DIPLOMACY
a16gf3,NEUTRAL,NEUTRAL,NEUTRAL,DIPLOMACY,NEUTRAL,NEUTRAL
7143lz,NEUTRAL,NEUTRAL,NEUTRAL,NEUTRAL,NEUTRAL,NEUTRAL
8php0u,THREAT,THREAT,THREAT,THREAT,THREAT,THREAT
766kwp,ECONOMIC,ECONOMIC,ECONOMIC,NEUTRAL,ECONOMIC,ECONOMIC
7ijhv6,THREAT,THREAT,THREAT,THREAT,THREAT,THREAT
6yguxz,DIPLOMACY,DIPLOMACY,THREAT,THREAT,DIPLOMACY,DIPLOMACY
agga4j,HUMANITARIAN,DIPLOMACY,NEUTRAL,DIPLOMACY,HUMANITARIAN,NEUTRAL
889ffe,THREAT,THREAT,THREAT,THREAT,THREAT,THREAT
6cg6ba,THREAT,THREAT,THREAT,THREAT,THREAT,THREAT
6lakxf,THREAT,THREAT,DIPLOMACY,THREAT,THREAT,THREAT
6xzw8v,THREAT,THREAT,THREAT,THREAT,THREAT,THREAT
8dy0zf,DIPLOMACY,DIPLOMACY,DIPLOMACY,DIPLOMACY,DIPLOMACY,DIPLOMACY
crdt5f,NEUTRAL,NEUTRAL,NEUTRAL,NEUTRAL,NEUTRAL,NEUTRAL
8j8lml,DIPLOMACY,DIPLOMACY,DIPLOMACY,DIPLOMACY,DIPLOMACY,DIPLOMACY
9kpe0y,THREAT,THREAT,THREAT,THREAT,THREAT,THREAT
cvkv16,NEUTRAL,NEUTRAL,NEUTRAL,NEUTRAL,NEUTRAL,NEUTRAL
9u2qf7,THREAT,THREAT,THREAT,,THREAT,THREAT
dcjxzm,DIPLOMACY,DIPLOMACY,DIPLOMACY,DIPLOMACY,DIPLOMACY,DIPLOMACY
8j109g,NEUTRAL,DIPLOMACY,DIPLOMACY,DIPLOMACY,DIPLOMACY,DIPLOMACY
7bjg08,THREAT,THREAT,THREAT,THREAT,THREAT,THREAT
6spnk1,THREAT,THREAT,THREAT,,THREAT,THREAT
cl1klh,THREAT,THREAT,THREAT,THREAT,THREAT,THREAT
bquqka,NEUTRAL,NEUTRAL,NEUTRAL,THREAT,NEUTRAL,NEUTRAL
8fpcwf,DIPLOMACY,DIPLOMACY,DIPLOMACY,DIPLOMACY,DIPLOMACY,DIPLOMACY
6mmg84,THREAT,THREAT,THREAT,DIPLOMACY,THREAT,THREAT
76ennb,THREAT,THREAT,THREAT,,THREAT,THREAT
6seus9,THREAT,THREAT,THREAT,THREAT,THREAT,THREAT
6x0s32,THREAT,THREAT,THREAT,THREAT,THREAT,THREAT
8vnodw,THREAT,THREAT,THREAT,THREAT,THREAT,THREAT
9kyp86,DIPLOMACY,DIPLOMACY,DIPLOMACY,DIPLOMACY,DIPLOMACY,DIPLOMACY
9ckmle,THREAT,THREAT,THREAT,THREAT,THREAT,THREAT
688rza,DIPLOMACY,THREAT,THREAT,THREAT,THREAT,THREAT
8g4v4q,HUMANITARIAN,NEUTRAL,NEUTRAL,NEUTRAL,NEUTRAL,NEUTRAL
9v1x5k,NEUTRAL,THREAT,ECONOMIC,ECONOMIC,NEUTRAL,ECONOMIC
deszoo,THREAT,THREAT,THREAT,THREAT,THREAT,THREAT
75pfwb,THREAT,THREAT,THREAT,THREAT,THREAT,THREAT
dwlwwk,ECONOMIC,ECONOMIC,ECONOMIC,ECONOMIC,ECONOMIC,ECONOMIC
64a37t,THREAT,THREAT,THREAT,THREAT,THREAT,THREAT
dz629b,HUMANITARIAN,HUMANITARIAN,HUMANITARIAN,,HUMANITARIAN,HUMANITARIAN
6s24ct,DIPLOMACY,DIPLOMACY,DIPLOMACY,DIPLOMACY,DIPLOMACY,DIPLOMACY
89bxf3,THREAT,THREAT,THREAT,THREAT,THREAT,THREAT
au6jbb,DIPLOMACY,DIPLOMACY,DIPLOMACY,DIPLOMACY,DIPLOMACY,DIPLOMACY
7dz0to,THREAT,THREAT,THREAT,THREAT,THREAT,THREAT
bswieu,THREAT,THREAT,THREAT,THREAT,THREAT,THREAT
8fqiqg,THREAT,THREAT,DIPLOMACY,THREAT,DIPLOMACY,THREAT
8n0ii4,THREAT,THREAT,THREAT,THREAT,DIPLOMACY,THREAT
7cqs13,THREAT,THREAT,THREAT,THREAT,THREAT,THREAT
6xa9ur,THREAT,THREAT,THREAT,THREAT,THREAT,HUMANITARIAN
8yevnk,NEUTRAL,NEUTRAL,NEUTRAL,,NEUTRAL,NEUTRAL
c8h3l1,THREAT,THREAT,THREAT,THREAT,DIPLOMACY,THREAT
di6xd8,NEUTRAL,NEUTRAL,NEUTRAL,NEUTRAL,NEUTRAL,NEUTRAL
cqaek4,HUMANITARIAN,HUMANITARIAN,HUMANITARIAN,HUMANITARIAN,HUMANITARIAN,HUMANITARIAN
8d3b0g,DIPLOMACY,DIPLOMACY,DIPLOMACY,DIPLOMACY,DIPLOMACY,DIPLOMACY
9qi8zs,THREAT,THREAT,THREAT,,THREAT,NEUTRAL
cbm8w0,NEUTRAL,NEUTRAL,THREAT,THREAT,NEUTRAL,NEUTRAL
7nwh0q,THREAT,,THREAT,,THREAT,THREAT
acl321,THREAT,THREAT,THREAT,THREAT,THREAT,THREAT
bkfujs,THREAT,THREAT,THREAT,THREAT,THREAT,THREAT
7a9m4l,THREAT,THREAT,THREAT,THREAT,THREAT,THREAT
crfaad,NEUTRAL,NEUTRAL,NEUTRAL,NEUTRAL,NEUTRAL,NEUTRAL
72v1zd,DIPLOMACY,DIPLOMACY,THREAT,THREAT,DIPLOMACY,DIPLOMACY
9lnm6o,NEUTRAL,NEUTRAL,NEUTRAL,NEUTRAL,NEUTRAL,NEUTRAL
7icwqk,DIPLOMACY,DIPLOMACY,DIPLOMACY,DIPLOMACY,DIPLOMACY,DIPLOMACY
8m9wcx,DIPLOMACY,DIPLOMACY,DIPLOMACY,DIPLOMACY,DIPLOMACY,DIPLOMACY
dnghlq,NEUTRAL,NEUTRAL,HUMANITARIAN,,NEUTRAL,NEUTRAL
8gmevj,NEUTRAL,NEUTRAL,NEUTRAL,DIPLOMACY,NEUTRAL,NEUTRAL
6qbkeb,THREAT,THREAT,THREAT,THREAT,THREAT,THREAT
8ie8i5,HUMANITARIAN,NEUTRAL,DIPLOMACY,DIPLOMACY,DIPLOMACY,NEUTRAL
dz4082,DIPLOMACY,THREAT,THREAT,THREAT,THREAT,ECONOMIC
68nhdm,NEUTRAL,NEUTRAL,NEUTRAL,DIPLOMACY,NEUTRAL,NEUTRAL
e7sj29,NEUTRAL,NEUTRAL,NEUTRAL,THREAT,NEUTRAL,NEUTRAL
7g8dcp,THREAT,THREAT,THREAT,THREAT,THREAT,THREAT
a3z0mw,DIPLOMACY,DIPLOMACY,DIPLOMACY,DIPLOMACY,DIPLOMACY,DIPLOMACY
dil8y6,NEUTRAL,NEUTRAL,THREAT,,NEUTRAL,NEUTRAL
a9z4fi,NEUTRAL,THREAT,NEUTRAL,NEUTRAL,NEUTRAL,NEUTRAL
83emk4,NEUTRAL,NEUTRAL,NEUTRAL,NEUTRAL,NEUTRAL,NEUTRAL
dhrz0q,NEUTRAL,NEUTRAL,NEUTRAL,NEUTRAL,NEUTRAL,NEUTRAL
5zca7k,THREAT,THREAT,THREAT,THREAT,THREAT,THREAT
70ypxj,THREAT,THREAT,THREAT,THREAT,THREAT,THREAT
cplg57,THREAT,THREAT,THREAT,THREAT,THREAT,THREAT
9xb3qx,THREAT,THREAT,THREAT,THREAT,THREAT,NEUTRAL
cgz55d,THREAT,THREAT,THREAT,THREAT,THREAT,THREAT
78p82i,HUMANITARIAN,DIPLOMACY,HUMANITARIAN,DIPLOMACY,NEUTRAL,NEUTRAL
94wrse,HUMANITARIAN,NEUTRAL,HUMANITARIAN,DIPLOMACY,NEUTRAL,NEUTRAL
8s5u4g,DIPLOMACY,DIPLOMACY,DIPLOMACY,DIPLOMACY,DIPLOMACY,DIPLOMACY
ce135t,THREAT,ECONOMIC,THREAT,THREAT,ECONOMIC,NEUTRAL
6l55rp,THREAT,THREAT,THREAT,THREAT,THREAT,THREAT
8w7tdb,DIPLOMACY,DIPLOMACY,DIPLOMACY,DIPLOMACY,DIPLOMACY,DIPLOMACY
dlv9an,THREAT,THREAT,THREAT,THREAT,THREAT,THREAT
ar0ycy,NEUTRAL,,NEUTRAL,,NEUTRAL,NEUTRAL
b06smf,HUMANITARIAN,HUMANITARIAN,HUMANITARIAN,HUMANITARIAN,NEUTRAL,HUMANITARIAN
c9b59h,THREAT,ECONOMIC,THREAT,THREAT,THREAT,THREAT
8hxv4f,DIPLOMACY,DIPLOMACY,DIPLOMACY,DIPLOMACY,DIPLOMACY,DIPLOMACY
azxils,DIPLOMACY,DIPLOMACY,DIPLOMACY,DIPLOMACY,DIPLOMACY,DIPLOMACY
9b4mg3,NEUTRAL,NEUTRAL,ECONOMIC,DIPLOMACY,NEUTRAL,NEUTRAL
81i7xv,NEUTRAL,NEUTRAL,THREAT,,NEUTRAL,NEUTRAL
66m6ui,THREAT,THREAT,THREAT,THREAT,THREAT,THREAT
8k4wab,THREAT,THREAT,THREAT,THREAT,THREAT,THREAT
ck2w0l,THREAT,THREAT,THREAT,THREAT,THREAT,THREAT
8fre42,NEUTRAL,NEUTRAL,NEUTRAL,NEUTRAL,NEUTRAL,NEUTRAL
753mqc,THREAT,THREAT,THREAT,THREAT,THREAT,THREAT
6fust8,THREAT,THREAT,THREAT,THREAT,THREAT,THREAT
8wj3oo,THREAT,THREAT,THREAT,THREAT,THREAT,THREAT
5tlz23,THREAT,THREAT,THREAT,THREAT,THREAT,THREAT
c85otx,DIPLOMACY,DIPLOMACY,DIPLOMACY,,DIPLOMACY,NEUTRAL
cl6j4z,ECONOMIC,ECONOMIC,THREAT,THREAT,THREAT,ECONOMIC
e00flb,NEUTRAL,NEUTRAL,NEUTRAL,NEUTRAL,NEUTRAL,NEUTRAL
7u8mxm,THREAT,THREAT,THREAT,THREAT,THREAT,THREAT
87peo5,DIPLOMACY,DIPLOMACY,DIPLOMACY,DIPLOMACY,DIPLOMACY,DIPLOMACY
cr1yb1,HUMANITARIAN,THREAT,THREAT,HUMANITARIAN,HUMANITARIAN,HUMANITARIAN
7g0r87,THREAT,THREAT,THREAT,THREAT,THREAT,THREAT
8bxn1m,NEUTRAL,NEUTRAL,NEUTRAL,NEUTRAL,NEUTRAL,NEUTRAL
b5nhlb,NEUTRAL,NEUTRAL,NEUTRAL,NEUTRAL,NEUTRAL,NEUTRAL
adq373,DIPLOMACY,DIPLOMACY,NEUTRAL,DIPLOMACY,DIPLOMACY,NEUTRAL
7d6hqh,THREAT,THREAT,THREAT,THREAT,THREAT,HUMANITARIAN
egwg2e,NEUTRAL,NEUTRAL,NEUTRAL,NEUTRAL,NEUTRAL,NEUTRAL
7vjtye,DIPLOMACY,DIPLOMACY,DIPLOMACY,DIPLOMACY,DIPLOMACY,DIPLOMACY
bz810b,ECONOMIC,ECONOMIC,ECONOMIC,ECONOMIC,ECONOMIC,ECONOMIC
707aae,THREAT,THREAT,THREAT,THREAT,THREAT,THREAT
8bmuvu,DIPLOMACY,DIPLOMACY,DIPLOMACY,DIPLOMACY,DIPLOMACY,DIPLOMACY
87pe8t,DIPLOMACY,DIPLOMACY,DIPLOMACY,DIPLOMACY,DIPLOMACY,DIPLOMACY
a1vgeq,DIPLOMACY,DIPLOMACY,DIPLOMACY,DIPLOMACY,DIPLOMACY,DIPLOMACY
8qkkab,THREAT,DIPLOMACY,DIPLOMACY,DIPLOMACY,DIPLOMACY,NEUTRAL
cpjzg5,ECONOMIC,ECONOMIC,ECONOMIC,ECONOMIC,THREAT,THREAT
7diw87,THREAT,THREAT,THREAT,THREAT,THREAT,THREAT
7mv8l6,NEUTRAL,NEUTRAL,NEUTRAL,NEUTRAL,NEUTRAL,NEUTRAL
8dyzxz,THREAT,THREAT,THREAT,DIPLOMACY,DIPLOMACY,NEUTRAL
6h67bi,NEUTRAL,NEUTRAL,NEUTRAL,DIPLOMACY,NEUTRAL,NEUTRAL
91t2f2,DIPLOMACY,DIPLOMACY,DIPLOMACY,DIPLOMACY,DIPLOMACY,NEUTRAL
b04bcr,THREAT,THREAT,DIPLOMACY,DIPLOMACY,DIPLOMACY,DIPLOMACY
7uqjxg,THREAT,THREAT,THREAT,THREAT,THREAT,THREAT
6ynsta,THREAT,THREAT,THREAT,THREAT,THREAT,THREAT
91zei7,DIPLOMACY,DIPLOMACY,DIPLOMACY,DIPLOMACY,DIPLOMACY,DIPLOMACY
dc5v99,THREAT,THREAT,THREAT,THREAT,THREAT,THREAT
65o0zu,THREAT,THREAT,THREAT,THREAT,THREAT,NEUTRAL
639oz7,THREAT,THREAT,THREAT,THREAT,THREAT,THREAT
av1aj7,NEUTRAL,DIPLOMACY,NEUTRAL,DIPLOMACY,DIPLOMACY,DIPLOMACY
6wrezk,THREAT,THREAT,THREAT,THREAT,THREAT,THREAT
683qa7,ECONOMIC,ECONOMIC,ECONOMIC,THREAT,ECONOMIC,ECONOMIC
atva9d,DIPLOMACY,DIPLOMACY,DIPLOMACY,DIPLOMACY,DIPLOMACY,DIPLOMACY
cwx6nc,NEUTRAL,NEUTRAL,NEUTRAL,THREAT,NEUTRAL,NEUTRAL
a6syj7,DIPLOMACY,DIPLOMACY,DIPLOMACY,DIPLOMACY,DIPLOMACY,DIPLOMACY
a7mkvf,ECONOMIC,THREAT,THREAT,THREAT,THREAT,ECONOMIC
9g6nre,DIPLOMACY,DIPLOMACY,DIPLOMACY,DIPLOMACY,DIPLOMACY,DIPLOMACY
7k23qv,THREAT,THREAT,THREAT,THREAT,THREAT,THREAT
5p0x40,THREAT,THREAT,THREAT,THREAT,THREAT,THREAT
7k23zo,DIPLOMACY,DIPLOMACY,DIPLOMACY,DIPLOMACY,DIPLOMACY,DIPLOMACY
957gc9,NEUTRAL,NEUTRAL,HUMANITARIAN,HUMANITARIAN,NEUTRAL,DIPLOMACY
e83u00,ECONOMIC,DIPLOMACY,ECONOMIC,DIPLOMACY,DIPLOMACY,NEUTRAL
9glg2h,DIPLOMACY,DIPLOMACY,DIPLOMACY,DIPLOMACY,DIPLOMACY,DIPLOMACY
aeg0vu,NEUTRAL,ECONOMIC,THREAT,THREAT,NEUTRAL,THREAT
e6nqmv,THREAT,THREAT,THREAT,THREAT,THREAT,THREAT
70ji6h,ECONOMIC,ECONOMIC,THREAT,ECONOMIC,ECONOMIC,ECONOMIC
68ihv9,DIPLOMACY,DIPLOMACY,DIPLOMACY,DIPLOMACY,DIPLOMACY,DIPLOMACY
6a4u0j,THREAT,THREAT,THREAT,DIPLOMACY,THREAT,THREAT
cmimbh,THREAT,THREAT,THREAT,THREAT,THREAT,THREAT
7tozu5,THREAT,THREAT,THREAT,THREAT,THREAT,THREAT
6q4j4f,THREAT,THREAT,THREAT,THREAT,THREAT,THREAT
6y88vu,THREAT,THREAT,THREAT,THREAT,THREAT,THREAT
8kbz3f,NEUTRAL,DIPLOMACY,NEUTRAL,NEUTRAL,DIPLOMACY,NEUTRAL
8fnxlm,NEUTRAL,THREAT,THREAT,DIPLOMACY,DIPLOMACY,NEUTRAL
7k7tms,THREAT,THREAT,THREAT,THREAT,THREAT,THREAT
bemtax,NEUTRAL,NEUTRAL,NEUTRAL,,NEUTRAL,NEUTRAL
7gcroq,THREAT,THREAT,THREAT,THREAT,THREAT,NEUTRAL
aqu589,NEUTRAL,ECONOMIC,ECONOMIC,NEUTRAL,ECONOMIC,NEUTRAL
akbwve,DIPLOMACY,DIPLOMACY,DIPLOMACY,DIPLOMACY,DIPLOMACY,DIPLOMACY
8esxe6,DIPLOMACY,DIPLOMACY,DIPLOMACY,DIPLOMACY,DIPLOMACY,DIPLOMACY
7in8au,THREAT,THREAT,THREAT,THREAT,THREAT,THREAT
7wxx7y,DIPLOMACY,DIPLOMACY,DIPLOMACY,DIPLOMACY,DIPLOMACY,DIPLOMACY
9l1v81,HUMANITARIAN,HUMANITARIAN,HUMANITARIAN,THREAT,HUMANITARIAN,HUMANITARIAN
6bbo70,HUMANITARIAN,HUMANITARIAN,HUMANITARIAN,NEUTRAL,HUMANITARIAN,HUMANITARIAN
dvabsz,HUMANITARIAN,HUMANITARIAN,HUMANITARIAN,HUMANITARIAN,HUMANITARIAN,HUMANITARIAN
6bfckw,HUMANITARIAN,HUMANITARIAN,HUMANITARIAN,NEUTRAL,HUMANITARIAN,HUMANITARIAN
706ptv,THREAT,THREAT,THREAT,THREAT,THREAT,THREAT
5tug0p,THREAT,THREAT,THREAT,THREAT,THREAT,THREAT
7qr9vm,THREAT,THREAT,THREAT,THREAT,THREAT,THREAT
8la6sx,NEUTRAL,THREAT,THREAT,THREAT,THREAT,NEUTRAL
8du18d,DIPLOMACY,DIPLOMACY,DIPLOMACY,DIPLOMACY,DIPLOMACY,DIPLOMACY
7o9nj9,THREAT,THREAT,THREAT,,THREAT,THREAT
92kvl6,THREAT,THREAT,THREAT,THREAT,THREAT,NEUTRAL
disaa7,NEUTRAL,NEUTRAL,NEUTRAL,NEUTRAL,NEUTRAL,NEUTRAL
6zfwd2,NEUTRAL,NEUTRAL,THREAT,THREAT,NEUTRAL,NEUTRAL
7nn4b1,THREAT,THREAT,THREAT,THREAT,THREAT,THREAT
7rymho,THREAT,THREAT,THREAT,DIPLOMACY,NEUTRAL,NEUTRAL
c9qlwg,ECONOMIC,ECONOMIC,ECONOMIC,ECONOMIC,ECONOMIC,ECONOMIC
acl2vo,THREAT,THREAT,THREAT,THREAT,THREAT,THREAT
81gm4s,NEUTRAL,NEUTRAL,NEUTRAL,HUMANITARIAN,NEUTRAL,NEUTRAL
ctvz3q,DIPLOMACY,THREAT,THREAT,THREAT,THREAT,THREAT
72an40,THREAT,THREAT,THREAT,THREAT,THREAT,THREAT
cyjv6l,NEUTRAL,NEUTRAL,THREAT,THREAT,NEUTRAL,NEUTRAL
9sxdaq,NEUTRAL,NEUTRAL,NEUTRAL,NEUTRAL,NEUTRAL,NEUTRAL
76uzsq,THREAT,THREAT,THREAT,THREAT,THREAT,THREAT
7vhmml,THREAT,THREAT,THREAT,THREAT,THREAT,THREAT
cz3h79,THREAT,THREAT,THREAT,,THREAT,NEUTRAL
5mwvv7,THREAT,THREAT,THREAT,THREAT,THREAT,NEUTRAL
5qxka6,NEUTRAL,NEUTRAL,,,NEUTRAL,NEUTRAL
8r1mpp,DIPLOMACY,DIPLOMACY,THREAT,HUMANITARIAN,DIPLOMACY,NEUTRAL
b4r34k,NEUTRAL,NEUTRAL,NEUTRAL,NEUTRAL,NEUTRAL,NEUTRAL
bkfygb,THREAT,THREAT,THREAT,THREAT,THREAT,THREAT
ci1hul,THREAT,THREAT,THREAT,THREAT,THREAT,THREAT
7ndu1i,NEUTRAL,NEUTRAL,NEUTRAL,,NEUTRAL,NEUTRAL
8kee64,NEUTRAL,NEUTRAL,ECONOMIC,ECONOMIC,NEUTRAL,NEUTRAL
bw6fnm,THREAT,NEUTRAL,NEUTRAL,DIPLOMACY,DIPLOMACY,NEUTRAL
724hga,THREAT,THREAT,THREAT,THREAT,THREAT,THREAT
7m5wm8,THREAT,THREAT,THREAT,THREAT,THREAT,THREAT
8jiph8,THREAT,THREAT,THREAT,THREAT,THREAT,THREAT
af8vpz,NEUTRAL,THREAT,NEUTRAL,NEUTRAL,THREAT,NEUTRAL
8v6r0u,THREAT,THREAT,THREAT,THREAT,THREAT,THREAT
8u9ybk,THREAT,THREAT,THREAT,THREAT,THREAT,THREAT
7tuf68,NEUTRAL,NEUTRAL,THREAT,,NEUTRAL,NEUTRAL
cjsuo5,NEUTRAL,NEUTRAL,ECONOMIC,,NEUTRAL,NEUTRAL
af6bcj,ECONOMIC,ECONOMIC,THREAT,THREAT,THREAT,THREAT
9wd9a4,THREAT,THREAT,THREAT,THREAT,THREAT,THREAT
9dzd5d,THREAT,THREAT,THREAT,THREAT,THREAT,THREAT
8wj0uu,NEUTRAL,NEUTRAL,NEUTRAL,NEUTRAL,NEUTRAL,NEUTRAL
868f9k,DIPLOMACY,DIPLOMACY,DIPLOMACY,DIPLOMACY,DIPLOMACY,DIPLOMACY
cuval5,THREAT,THREAT,NEUTRAL,THREAT,THREAT,NEUTRAL
e9v5mn,ECONOMIC,NEUTRAL,NEUTRAL,ECONOMIC,NEUTRAL,ECONOMIC
8m1q7f,DIPLOMACY,DIPLOMACY,DIPLOMACY,DIPLOMACY,DIPLOMACY,DIPLOMACY
eafnpq,NEUTRAL,NEUTRAL,NEUTRAL,NEUTRAL,NEUTRAL,NEUTRAL
bxie9o,THREAT,THREAT,THREAT,THREAT,THREAT,THREAT
7ghytl,THREAT,THREAT,THREAT,THREAT,THREAT,THREAT
8ahwmo,DIPLOMACY,DIPLOMACY,DIPLOMACY,DIPLOMACY,DIPLOMACY,DIPLOMACY
d71g5e,NEUTRAL,NEUTRAL,NEUTRAL,NEUTRAL,NEUTRAL,NEUTRAL
chgu1a,THREAT,THREAT,THREAT,THREAT,THREAT,THREAT
6r29t1,THREAT,THREAT,THREAT,,THREAT,THREAT
91zgyq,NEUTRAL,THREAT,THREAT,THREAT,THREAT,THREAT
686xj4,DIPLOMACY,THREAT,THREAT,THREAT,DIPLOMACY,DIPLOMACY
cdydjy,THREAT,THREAT,THREAT,THREAT,THREAT,THREAT
71ruxn,NEUTRAL,THREAT,NEUTRAL,THREAT,NEUTRAL,NEUTRAL
6trj5k,THREAT,THREAT,THREAT,THREAT,THREAT,THREAT
8bmt8m,DIPLOMACY,DIPLOMACY,DIPLOMACY,DIPLOMACY,DIPLOMACY,DIPLOMACY
8faazw,THREAT,DIPLOMACY,DIPLOMACY,DIPLOMACY,DIPLOMACY,DIPLOMACY
60plh2,THREAT,THREAT,THREAT,THREAT,THREAT,THREAT
6cvrrg,THREAT,THREAT,THREAT,THREAT,THREAT,THREAT
bgpvoz,NEUTRAL,NEUTRAL,NEUTRAL,ECONOMIC,ECONOMIC,NEUTRAL
7qjlna,THREAT,THREAT,THREAT,THREAT,THREAT,NEUTRAL
beedq2,NEUTRAL,NEUTRAL,NEUTRAL,NEUTRAL,NEUTRAL,NEUTRAL
83ggyx,DIPLOMACY,DIPLOMACY,DIPLOMACY,DIPLOMACY,DIPLOMACY,DIPLOMACY
cl46v9,THREAT,THREAT,THREAT,THREAT,THREAT,THREAT
8beb9i,DIPLOMACY,DIPLOMACY,THREAT,NEUTRAL,NEUTRAL,NEUTRAL
b97n3v,THREAT,THREAT,THREAT,THREAT,THREAT,THREAT
7uyjte,THREAT,THREAT,THREAT,DIPLOMACY,THREAT,THREAT
cmsysw,NEUTRAL,NEUTRAL,NEUTRAL,ECONOMIC,NEUTRAL,NEUTRAL
dzgg67,NEUTRAL,DIPLOMACY,DIPLOMACY,DIPLOMACY,NEUTRAL,NEUTRAL
9h4764,THREAT,THREAT,THREAT,DIPLOMACY,DIPLOMACY,DIPLOMACY
8qj4t7,DIPLOMACY,DIPLOMACY,DIPLOMACY,DIPLOMACY,DIPLOMACY,DIPLOMACY
7grhsz,THREAT,THREAT,THREAT,THREAT,THREAT,THREAT
cnxrq6,THREAT,THREAT,THREAT,THREAT,THREAT,THREAT
68t1bo,THREAT,THREAT,THREAT,THREAT,THREAT,THREAT
8dlgb6,THREAT,THREAT,THREAT,THREAT,THREAT,THREAT
6lzupj,THREAT,THREAT,THREAT,THREAT,THREAT,THREAT
9mf8sn,DIPLOMACY,THREAT,THREAT,THREAT,DIPLOMACY,THREAT
e2wu95,THREAT,THREAT,THREAT,THREAT,THREAT,THREAT
agce2q,THREAT,THREAT,THREAT,THREAT,THREAT,NEUTRAL
7gbezo,THREAT,THREAT,THREAT,THREAT,THREAT,THREAT
880enu,THREAT,THREAT,THREAT,THREAT,THREAT,THREAT
7o1h69,THREAT,THREAT,THREAT,THREAT,THREAT,THREAT
6z1eay,THREAT,THREAT,THREAT,THREAT,THREAT,THREAT
8l0taq,NEUTRAL,NEUTRAL,NEUTRAL,NEUTRAL,NEUTRAL,NEUTRAL
8b5mqy,NEUTRAL,NEUTRAL,NEUTRAL,NEUTRAL,NEUTRAL,NEUTRAL
6sih3a,THREAT,THREAT,THREAT,THREAT,THREAT,THREAT
83guey,DIPLOMACY,DIPLOMACY,DIPLOMACY,DIPLOMACY,DIPLOMACY,DIPLOMACY
8tkcno,DIPLOMACY,DIPLOMACY,DIPLOMACY,DIPLOMACY,DIPLOMACY,DIPLOMACY
8jcu0z,THREAT,THREAT,THREAT,THREAT,DIPLOMACY,THREAT
8l8hy6,THREAT,THREAT,THREAT,THREAT,THREAT,THREAT
8h2aoa,DIPLOMACY,THREAT,DIPLOMACY,DIPLOMACY,THREAT,THREAT
9wlidz,THREAT,THREAT,THREAT,THREAT,THREAT,NEUTRAL
79vc0o,THREAT,THREAT,HUMANITARIAN,THREAT,THREAT,THREAT
8v79a9,THREAT,THREAT,THREAT,THREAT,THREAT,THREAT
8ls1bc,THREAT,THREAT,NEUTRAL,NEUTRAL,DIPLOMACY,NEUTRAL
8nfym5,ECONOMIC,ECONOMIC,ECONOMIC,ECONOMIC,ECONOMIC,ECONOMIC
bqz7af,NEUTRAL,NEUTRAL,HUMANITARIAN,DIPLOMACY,NEUTRAL,HUMANITARIAN
6wtamm,THREAT,THREAT,THREAT,THREAT,THREAT,THREAT
8t910e,NEUTRAL,NEUTRAL,NEUTRAL,NEUTRAL,NEUTRAL,NEUTRAL
7tas5t,NEUTRAL,NEUTRAL,NEUTRAL,NEUTRAL,NEUTRAL,NEUTRAL
c6qqyp,THREAT,THREAT,THREAT,HUMANITARIAN,THREAT,THREAT
9pzcwg,THREAT,THREAT,THREAT,THREAT,THREAT,THREAT
e877yc,THREAT,THREAT,THREAT,THREAT,THREAT,THREAT
aq1k0n,THREAT,THREAT,THREAT,THREAT,THREAT,THREAT
62bma1,THREAT,THREAT,THREAT,THREAT,THREAT,THREAT
6y32b6,THREAT,THREAT,THREAT,,THREAT,THREAT
7727rm,THREAT,THREAT,THREAT,THREAT,THREAT,THREAT
8uxg83,THREAT,THREAT,THREAT,THREAT,THREAT,THREAT
cgsbof,THREAT,THREAT,THREAT,THREAT,THREAT,THREAT
9gr4be,NEUTRAL,NEUTRAL,NEUTRAL,THREAT,NEUTRAL,NEUTRAL
bq6036,DIPLOMACY,NEUTRAL,THREAT,HUMANITARIAN,NEUTRAL,NEUTRAL
a8edos,HUMANITARIAN,HUMANITARIAN,HUMANITARIAN,DIPLOMACY,HUMANITARIAN,HUMANITARIAN
8c83ml,NEUTRAL,NEUTRAL,THREAT,THREAT,NEUTRAL,NEUTRAL
8lox1x,THREAT,THREAT,THREAT,THREAT,THREAT,THREAT
ccitjl,DIPLOMACY,DIPLOMACY,DIPLOMACY,DIPLOMACY,DIPLOMACY,DIPLOMACY
8qnpwe,THREAT,THREAT,THREAT,THREAT,THREAT,THREAT
6b0aij,NEUTRAL,NEUTRAL,NEUTRAL,,NEUTRAL,NEUTRAL
8c6db0,THREAT,THREAT,THREAT,THREAT,THREAT,THREAT
ebb39x,NEUTRAL,NEUTRAL,THREAT,THREAT,NEUTRAL,NEUTRAL
e8m9s2,DIPLOMACY,THREAT,THREAT,THREAT,THREAT,NEUTRAL
78e1wc,DIPLOMACY,NEUTRAL,DIPLOMACY,DIPLOMACY,DIPLOMACY,NEUTRAL
e3onp3,THREAT,THREAT,THREAT,THREAT,THREAT,THREAT
7j0017,THREAT,THREAT,THREAT,THREAT,THREAT,THREAT
7z1w7g,THREAT,THREAT,THREAT,DIPLOMACY,NEUTRAL,NEUTRAL
737v3k,THREAT,THREAT,THREAT,THREAT,THREAT,NEUTRAL
75hix9,HUMANITARIAN,THREAT,NEUTRAL,THREAT,THREAT,NEUTRAL
8e0bio,DIPLOMACY,DIPLOMACY,DIPLOMACY,DIPLOMACY,DIPLOMACY,DIPLOMACY
8u9yaq,THREAT,THREAT,THREAT,THREAT,THREAT,THREAT
7i3qte,NEUTRAL,NEUTRAL,THREAT,THREAT,NEUTRAL,NEUTRAL
7tiy6v,THREAT,NEUTRAL,THREAT,THREAT,NEUTRAL,THREAT
96wfzv,DIPLOMACY,DIPLOMACY,DIPLOMACY,DIPLOMACY,DIPLOMACY,DIPLOMACY
dxnbdd,DIPLOMACY,DIPLOMACY,DIPLOMACY,DIPLOMACY,DIPLOMACY,DIPLOMACY
778ppy,THREAT,THREAT,THREAT,THREAT,THREAT,THREAT
93avlg,THREAT,THREAT,THREAT,THREAT,THREAT,THREAT
8fef4k,THREAT,THREAT,THREAT,THREAT,THREAT,THREAT
6cvqq4,THREAT,THREAT,THREAT,THREAT,THREAT,THREAT
6mhbap,THREAT,THREAT,THREAT,THREAT,THREAT,NEUTRAL
65560r,NEUTRAL,NEUTRAL,NEUTRAL,NEUTRAL,NEUTRAL,NEUTRAL
d1lski,DIPLOMACY,DIPLOMACY,DIPLOMACY,DIPLOMACY,DIPLOMACY,DIPLOMACY
79pr0k,THREAT,THREAT,THREAT,THREAT,THREAT,THREAT
7096lu,THREAT,THREAT,THREAT,THREAT,THREAT,THREAT
8l6p0q,THREAT,THREAT,THREAT,THREAT,THREAT,THREAT
bu5aq4,DIPLOMACY,DIPLOMACY,DIPLOMACY,DIPLOMACY,DIPLOMACY,DIPLOMACY
8a1b7n,THREAT,THREAT,THREAT,THREAT,THREAT,NEUTRAL
6gjpo8,DIPLOMACY,DIPLOMACY,DIPLOMACY,DIPLOMACY,DIPLOMACY,DIPLOMACY
6l6r8m,THREAT,THREAT,THREAT,THREAT,THREAT,THREAT
84b96a,THREAT,THREAT,THREAT,THREAT,THREAT,THREAT
6kjgk9,NEUTRAL,THREAT,THREAT,THREAT,NEUTRAL,NEUTRAL
8fojxl,THREAT,DIPLOMACY,DIPLOMACY,NEUTRAL,DIPLOMACY,DIPLOMACY
8hqh81,NEUTRAL,NEUTRAL,NEUTRAL,NEUTRAL,NEUTRAL,NEUTRAL
9csdnr,THREAT,THREAT,THREAT,THREAT,THREAT,NEUTRAL
8wo02y,DIPLOMACY,THREAT,THREAT,THREAT,THREAT,DIPLOMACY
9sgwdi,NEUTRAL,THREAT,NEUTRAL,NEUTRAL,NEUTRAL,NEUTRAL
99kifd,NEUTRAL,THREAT,THREAT,THREAT,NEUTRAL,NEUTRAL
7szemx,DIPLOMACY,DIPLOMACY,DIPLOMACY,DIPLOMACY,NEUTRAL,NEUTRAL
8lua26,DIPLOMACY,DIPLOMACY,THREAT,THREAT,DIPLOMACY,DIPLOMACY
5qxfkb,NEUTRAL,NEUTRAL,,,NEUTRAL,NEUTRAL
7itnnn,NEUTRAL,NEUTRAL,THREAT,THREAT,NEUTRAL,NEUTRAL
8lrsbp,THREAT,THREAT,DIPLOMACY,DIPLOMACY,DIPLOMACY,DIPLOMACY
6qgtej,NEUTRAL,NEUTRAL,NEUTRAL,DIPLOMACY,NEUTRAL,NEUTRAL
6n7qqt,THREAT,THREAT,THREAT,THREAT,THREAT,THREAT
8factj,NEUTRAL,DIPLOMACY,DIPLOMACY,DIPLOMACY,DIPLOMACY,DIPLOMACY
8ib3wa,NEUTRAL,DIPLOMACY,ECONOMIC,DIPLOMACY,DIPLOMACY,DIPLOMACY
7jg270,THREAT,THREAT,THREAT,THREAT,THREAT,THREAT
8gjaym,NEUTRAL,NEUTRAL,NEUTRAL,DIPLOMACY,NEUTRAL,NEUTRAL
8vmo5w,THREAT,THREAT,THREAT,THREAT,THREAT,THREAT
ddlj9d,THREAT,THREAT,THREAT,THREAT,THREAT,THREAT
7dz3jj,THREAT,THREAT,THREAT,THREAT,THREAT,THREAT
bmjc0v,THREAT,THREAT,THREAT,THREAT,THREAT,THREAT
7aojqo,HUMANITARIAN,HUMANITARIAN,HUMANITARIAN,HUMANITARIAN,ECONOMIC,HUMANITARIAN
cptwd6,THREAT,THREAT,THREAT,THREAT,THREAT,THREAT
75phec,THREAT,THREAT,THREAT,THREAT,THREAT,THREAT
btudnd,THREAT,THREAT,THREAT,NEUTRAL,THREAT,THREAT
6xilgq,THREAT,THREAT,THREAT,,THREAT,THREAT
disfnd,NEUTRAL,NEUTRAL,NEUTRAL,NEUTRAL,NEUTRAL,NEUTRAL
c9cgc7,DIPLOMACY,THREAT,THREAT,DIPLOMACY,THREAT,THREAT
6to66b,HUMANITARIAN,HUMANITARIAN,NEUTRAL,DIPLOMACY,HUMANITARIAN,HUMANITARIAN
agp7er,DIPLOMACY,DIPLOMACY,DIPLOMACY,DIPLOMACY,DIPLOMACY,DIPLOMACY
8v07fo,THREAT,THREAT,THREAT,THREAT,THREAT,THREAT
77g3vz,NEUTRAL,NEUTRAL,NEUTRAL,NEUTRAL,NEUTRAL,NEUTRAL
9h8xal,DIPLOMACY,DIPLOMACY,DIPLOMACY,DIPLOMACY,DIPLOMACY,DIPLOMACY
7fxh8n,THREAT,THREAT,THREAT,THREAT,THREAT,THREAT
8er7s6,NEUTRAL,NEUTRAL,NEUTRAL,NEUTRAL,NEUTRAL,NEUTRAL
5tjjb2,THREAT,THREAT,THREAT,THREAT,THREAT,THREAT
8d4xj4,DIPLOMACY,DIPLOMACY,DIPLOMACY,DIPLOMACY,DIPLOMACY,DIPLOMACY
7068te,THREAT,THREAT,THREAT,THREAT,THREAT,THREAT
9u2oqx,THREAT,THREAT,THREAT,THREAT,THREAT,THREAT
7wccwd,HUMANITARIAN,NEUTRAL,NEUTRAL,DIPLOMACY,NEUTRAL,NEUTRAL
6j14j1,THREAT,THREAT,THREAT,THREAT,THREAT,THREAT
8j2e06,THREAT,DIPLOMACY,NEUTRAL,DIPLOMACY,DIPLOMACY,NEUTRAL
8r6y3a,DIPLOMACY,DIPLOMACY,THREAT,DIPLOMACY,THREAT,NEUTRAL
9yfarg,NEUTRAL,NEUTRAL,NEUTRAL,,NEUTRAL,NEUTRAL
75plg7,THREAT,THREAT,THREAT,THREAT,THREAT,THREAT
9hkec3,THREAT,DIPLOMACY,THREAT,THREAT,DIPLOMACY,DIPLOMACY
717hd9,THREAT,THREAT,THREAT,THREAT,THREAT,THREAT
btoi0v,NEUTRAL,NEUTRAL,NEUTRAL,NEUTRAL,NEUTRAL,NEUTRAL
8gbrcd,THREAT,DIPLOMACY,DIPLOMACY,DIPLOMACY,DIPLOMACY,NEUTRAL
8qa7w7,NEUTRAL,NEUTRAL,NEUTRAL,NEUTRAL,NEUTRAL,NEUTRAL
74ruyt,THREAT,THREAT,THREAT,THREAT,THREAT,THREAT
dbe2aq,THREAT,THREAT,THREAT,THREAT,THREAT,THREAT
8wto7b,DIPLOMACY,DIPLOMACY,DIPLOMACY,THREAT,DIPLOMACY,DIPLOMACY
acl2wg,NEUTRAL,NEUTRAL,NEUTRAL,THREAT,NEUTRAL,NEUTRAL
cl1a1h,THREAT,THREAT,THREAT,THREAT,THREAT,THREAT
6ymc8j,THREAT,THREAT,THREAT,THREAT,THREAT,THREAT
e6hdu1,THREAT,THREAT,NEUTRAL,THREAT,NEUTRAL,NEUTRAL
8og5k5,DIPLOMACY,DIPLOMACY,DIPLOMACY,DIPLOMACY,DIPLOMACY,DIPLOMACY
aqasq6,NEUTRAL,NEUTRAL,NEUTRAL,NEUTRAL,NEUTRAL,NEUTRAL
abpeaw,NEUTRAL,NEUTRAL,HUMANITARIAN,HUMANITARIAN,NEUTRAL,NEUTRAL
939083,THREAT,THREAT,THREAT,THREAT,THREAT,THREAT
8f76ii,DIPLOMACY,DIPLOMACY,DIPLOMACY,DIPLOMACY,DIPLOMACY,DIPLOMACY
8ltqj8,NEUTRAL,THREAT,THREAT,,THREAT,THREAT
5rm393,DIPLOMACY,THREAT,THREAT,THREAT,THREAT,THREAT
cy630n,ECONOMIC,ECONOMIC,ECONOMIC,ECONOMIC,ECONOMIC,ECONOMIC
6xxa6j,THREAT,THREAT,THREAT,THREAT,THREAT,THREAT
9i87a8,DIPLOMACY,DIPLOMACY,DIPLOMACY,DIPLOMACY,DIPLOMACY,DIPLOMACY
7tukdb,THREAT,THREAT,THREAT,THREAT,THREAT,THREAT
94l71e,THREAT,THREAT,THREAT,THREAT,THREAT,THREAT
73lo7a,THREAT,THREAT,THREAT,THREAT,THREAT,THREAT
7nb0kx,THREAT,THREAT,THREAT,THREAT,THREAT,THREAT
ai4nwe,NEUTRAL,NEUTRAL,NEUTRAL,HUMANITARIAN,NEUTRAL,NEUTRAL
8kzh0u,THREAT,THREAT,ECONOMIC,ECONOMIC,NEUTRAL,NEUTRAL
cgyxis,THREAT,THREAT,,,THREAT,NEUTRAL
8d31v8,NEUTRAL,ECONOMIC,NEUTRAL,NEUTRAL,ECONOMIC,ECONOMIC
9eewzk,DIPLOMACY,DIPLOMACY,DIPLOMACY,DIPLOMACY,DIPLOMACY,DIPLOMACY
9xo8qo,THREAT,THREAT,THREAT,THREAT,THREAT,THREAT
e0eby9,DIPLOMACY,DIPLOMACY,DIPLOMACY,DIPLOMACY,DIPLOMACY,DIPLOMACY
8fu775,DIPLOMACY,DIPLOMACY,DIPLOMACY,DIPLOMACY,DIPLOMACY,DIPLOMACY
dcpgj6,THREAT,THREAT,THREAT,THREAT,THREAT,THREAT
e5wtmh,NEUTRAL,NEUTRAL,NEUTRAL,HUMANITARIAN,NEUTRAL,NEUTRAL
9mtrjd,NEUTRAL,HUMANITARIAN,NEUTRAL,HUMANITARIAN,NEUTRAL,NEUTRAL
8ma1q8,DIPLOMACY,NEUTRAL,DIPLOMACY,DIPLOMACY,DIPLOMACY,NEUTRAL
91znva,DIPLOMACY,DIPLOMACY,DIPLOMACY,DIPLOMACY,DIPLOMACY,NEUTRAL
dy4aal,THREAT,THREAT,THREAT,THREAT,THREAT,THREAT
aixflf,THREAT,DIPLOMACY,DIPLOMACY,THREAT,DIPLOMACY,DIPLOMACY
bekzs3,THREAT,THREAT,THREAT,THREAT,THREAT,THREAT
am3s8w,DIPLOMACY,DIPLOMACY,DIPLOMACY,DIPLOMACY,DIPLOMACY,DIPLOMACY
6y2g27,THREAT,THREAT,THREAT,THREAT,THREAT,THREAT
74rzks,THREAT,THREAT,THREAT,THREAT,THREAT,THREAT
8fvep5,NEUTRAL,DIPLOMACY,DIPLOMACY,DIPLOMACY,NEUTRAL,NEUTRAL
bs1l5r,DIPLOMACY,DIPLOMACY,DIPLOMACY,DIPLOMACY,DIPLOMACY,DIPLOMACY
71mnva,THREAT,THREAT,THREAT,THREAT,THREAT,THREAT
ctegz4,DIPLOMACY,DIPLOMACY,DIPLOMACY,DIPLOMACY,DIPLOMACY,DIPLOMACY
6ha9gy,DIPLOMACY,DIPLOMACY,DIPLOMACY,DIPLOMACY,DIPLOMACY,DIPLOMACY
6xlzwr,THREAT,THREAT,THREAT,,THREAT,THREAT
7h5bp1,NEUTRAL,THREAT,THREAT,THREAT,THREAT,THREAT
8facnr,NEUTRAL,DIPLOMACY,DIPLOMACY,DIPLOMACY,DIPLOMACY,DIPLOMACY
94c3bi,DIPLOMACY,NEUTRAL,DIPLOMACY,DIPLOMACY,NEUTRAL,NEUTRAL
dewf6n,NEUTRAL,NEUTRAL,NEUTRAL,THREAT,NEUTRAL,NEUTRAL
al9xim,THREAT,DIPLOMACY,DIPLOMACY,DIPLOMACY,DIPLOMACY,DIPLOMACY
65zq8e,THREAT,THREAT,THREAT,THREAT,THREAT,THREAT
8fadf6,DIPLOMACY,DIPLOMACY,DIPLOMACY,DIPLOMACY,DIPLOMACY,DIPLOMACY
6wnocb,THREAT,THREAT,THREAT,THREAT,THREAT,THREAT
dwixsz,ECONOMIC,ECONOMIC,ECONOMIC,ECONOMIC,ECONOMIC,ECONOMIC
8qu5pw,THREAT,THREAT,DIPLOMACY,DIPLOMACY,DIPLOMACY,THREAT
8u7b06,THREAT,THREAT,THREAT,THREAT,THREAT,NEUTRAL
7izoti,THREAT,THREAT,THREAT,THREAT,THREAT,THREAT
87xotj,DIPLOMACY,DIPLOMACY,THREAT,DIPLOMACY,DIPLOMACY,DIPLOMACY
8tfqcn,HUMANITARIAN,HUMANITARIAN,THREAT,THREAT,HUMANITARIAN,HUMANITARIAN
bejx1i,NEUTRAL,,NEUTRAL,,NEUTRAL,NEUTRAL
8p44u4,NEUTRAL,THREAT,NEUTRAL,NEUTRAL,DIPLOMACY,NEUTRAL
cieeqt,NEUTRAL,NEUTRAL,THREAT,THREAT,NEUTRAL,NEUTRAL
c7dctk,NEUTRAL,NEUTRAL,NEUTRAL,NEUTRAL,NEUTRAL,NEUTRAL
5lq8ol,NEUTRAL,NEUTRAL,NEUTRAL,DIPLOMACY,NEUTRAL,NEUTRAL
89zoo5,NEUTRAL,NEUTRAL,NEUTRAL,NEUTRAL,NEUTRAL,NEUTRAL
7ui99c,THREAT,THREAT,THREAT,THREAT,THREAT,THREAT
82fd1v,DIPLOMACY,DIPLOMACY,DIPLOMACY,DIPLOMACY,DIPLOMACY,DIPLOMACY
7k219p,THREAT,THREAT,THREAT,THREAT,THREAT,THREAT
cgdwls,NEUTRAL,ECONOMIC,ECONOMIC,ECONOMIC,ECONOMIC,NEUTRAL
beky1a,THREAT,THREAT,THREAT,THREAT,THREAT,THREAT
ehmogi,THREAT,THREAT,THREAT,THREAT,THREAT,THREAT
8uxjch,THREAT,THREAT,THREAT,THREAT,THREAT,THREAT
92kns9,DIPLOMACY,DIPLOMACY,DIPLOMACY,,NEUTRAL,NEUTRAL
e4qug7,DIPLOMACY,DIPLOMACY,DIPLOMACY,DIPLOMACY,DIPLOMACY,DIPLOMACY
9hlad0,NEUTRAL,NEUTRAL,NEUTRAL,HUMANITARIAN,NEUTRAL,NEUTRAL
6yep88,THREAT,THREAT,THREAT,THREAT,THREAT,THREAT
8dz4bt,THREAT,THREAT,THREAT,DIPLOMACY,DIPLOMACY,NEUTRAL
6v0xo9,NEUTRAL,NEUTRAL,NEUTRAL,DIPLOMACY,NEUTRAL,NEUTRAL
8khhjt,DIPLOMACY,DIPLOMACY,DIPLOMACY,DIPLOMACY,DIPLOMACY,DIPLOMACY
chem1j,THREAT,THREAT,THREAT,THREAT,THREAT,THREAT
cxle1y,HUMANITARIAN,HUMANITARIAN,HUMANITARIAN,HUMANITARIAN,HUMANITARIAN,HUMANITARIAN
dx8qi2,THREAT,ECONOMIC,ECONOMIC,ECONOMIC,ECONOMIC,ECONOMIC
6lfq2j,THREAT,THREAT,THREAT,THREAT,THREAT,THREAT
e7nn54,DIPLOMACY,THREAT,THREAT,THREAT,DIPLOMACY,DIPLOMACY
6yx42d,NEUTRAL,NEUTRAL,DIPLOMACY,DIPLOMACY,DIPLOMACY,NEUTRAL
7v5nej,THREAT,THREAT,THREAT,THREAT,THREAT,NEUTRAL
8ubmux,THREAT,THREAT,THREAT,THREAT,THREAT,THREAT
7d46dh,THREAT,THREAT,THREAT,THREAT,THREAT,THREAT
b9deyl,THREAT,THREAT,THREAT,ECONOMIC,THREAT,THREAT
787dny,THREAT,THREAT,THREAT,THREAT,THREAT,THREAT
6cdl5c,THREAT,THREAT,THREAT,THREAT,THREAT,THREAT
7g7oo2,THREAT,THREAT,THREAT,THREAT,THREAT,THREAT
6wmouu,THREAT,THREAT,THREAT,THREAT,THREAT,THREAT
7h1fwx,THREAT,THREAT,THREAT,THREAT,THREAT,THREAT
8nth8c,NEUTRAL,NEUTRAL,NEUTRAL,NEUTRAL,NEUTRAL,NEUTRAL
7m17oj,THREAT,THREAT,THREAT,THREAT,,THREAT
6xicdb,THREAT,THREAT,THREAT,THREAT,THREAT,THREAT
8n6og8,THREAT,THREAT,THREAT,,THREAT,THREAT
9hlbak,NEUTRAL,NEUTRAL,NEUTRAL,THREAT,NEUTRAL,NEUTRAL
aa2mpp,NEUTRAL,THREAT,NEUTRAL,NEUTRAL,NEUTRAL,NEUTRAL
8gkcv8,THREAT,THREAT,THREAT,THREAT,DIPLOMACY,THREAT
6wpcot,THREAT,THREAT,THREAT,THREAT,THREAT,THREAT
7pcaps,THREAT,THREAT,THREAT,THREAT,THREAT,NEUTRAL
