source,target,frame,confidence,period
NORTH KOREA,UNITED STATES,THREAT,0.9,period3
NORTH KOREA,SOUTH KOREA,THREAT,0.9,period3
NORTH KOREA,ICBM,THREAT,0.9,period3
NORTH KOREA,NUCLEAR WEAPONS,THREAT,0.95,period3
NORTH KOREA,DENUCLEARIZATION,DIPLOMACY,0.85,period3
NORTH KOREA,CHINA,DIPLOMACY,0.85,period3
NORTH KOREA,RUSSIA,DIPLOMACY,0.8,period3
NORTH KOREA,SEOUL,THREAT,0.9,period3
NORTH KOREA,KOREAN PENINSULA,THREAT,0.85,period3
NORTH KOREA,KIM,THREAT,0.85,period3
NORTH KOREA,NON-AGGRESSION PACT,DIPLOMACY,0.9,period3
NORTH KOREA,NUCLEAR PROLIFERATION,THREAT,0.9,period3
SOUTH KOREA,ARMISTICE,THREAT,0.8,period3
UNITED STATES,NUCLEAR PROLIFERATION,THREAT,0.9,period3
JOHN BOLTON,TRUMP,THREAT,0.85,period3
TRUMP,IRAN NUCLEAR DEAL,ECONOMIC,0.8,period3
JOHN BOLTON,DONALD TRUMP,NEUTRAL,0.85,period3
JOHN BOLTON,NORTH KOREA,THREAT,0.85,period3
JOHN BOLTON,TRUMP'S ADMINISTRATION,NEUTRAL,0.9,period3
DONALD TRUMP,NORTH KOREA,DIPLOMACY,0.85,period3
DONALD TRUMP,IRAN,THREAT,0.9,period3
DONALD TRUMP,TRADE WARS,ECONOMIC,0.9,period3
NORTH KOREA,JAPAN,THREAT,0.95,period3
NORTH KOREA,KOREAN WAR,THREAT,0.9,period3
NORTH KOREA,KIM JONG-UN,THREAT,0.9,period3
NORTH KOREA,UNITED NATIONS,THREAT,0.9,period3
NORTH KOREA,US,THREAT,0.85,period3
NORTH KOREA,ROK,THREAT,0.9,period3
NORTH KOREA,NUCLEAR PROGRAM,THREAT,0.95,period3
NORTH KOREA,SANCTIONS,ECONOMIC,0.9,period3
SOUTH KOREA,SAMSUNG,ECONOMIC,0.9,period3
SOUTH KOREA,HYUNDAI,ECONOMIC,0.9,period3
KIM,ICBMS,THREAT,0.9,period3
US,SANCTIONS,ECONOMIC,0.9,period3
US,ROK,DIPLOMACY,0.8,period3
NORTH KOREA,NUKES,THREAT,0.95,period3
YONGBYON NUCLEAR RESEARCH CENTER,NUCLEAR PROGRAM,THREAT,0.9,period3
TRUMP,HANOI SUMMIT,DIPLOMACY,0.95,period3
KIM JONG-UN,HANOI SUMMIT,DIPLOMACY,0.95,period3
PARK CHUNG-HEE,SOUTH KOREA,THREAT,0.9,period3
NORTH KOREA,HANOI SUMMIT,DIPLOMACY,0.95,period3
NORTH KOREA,YONGBYEON,THREAT,0.8,period3
NORTH KOREA,WMDS,THREAT,0.9,period3
NORTH KOREA,SMALL DEAL,DIPLOMACY,0.9,period3
UNITED STATES,HANOI SUMMIT,DIPLOMACY,0.95,period3
UNITED STATES,DONALD TRUMP,DIPLOMACY,0.9,period3
UNITED STATES,SMALL DEAL,DIPLOMACY,0.9,period3
UNITED STATES,SOUTH KOREA,THREAT,0.85,period3
KIM JONG-UN,DONALD TRUMP,DIPLOMACY,0.95,period3
KIM JONG-UN,NORTH KOREA,THREAT,0.85,period3
KIM JONG-UN,SONGUN POLICY,THREAT,0.8,period3
KIM JONG-UN,BYUNGJIN POLICY,THREAT,0.8,period3
NORTH KOREA,SYNGMAN RHEE,NEUTRAL,0.85,period3
NORTH KOREA,COLD WAR,THREAT,0.85,period3
NORTH KOREA,KJU,THREAT,0.9,period3
NORTH KOREA,FAMINE,HUMANITARIAN,0.95,period3
NUCLEAR PROGRAM,KJU,THREAT,0.9,period3
ECONOMIC GROWTH,KJU,NEUTRAL,0.8,period3
NORTH KOREA,KIM JONG UN,THREAT,0.9,period3
NORTH KOREA,GADDAFI,THREAT,0.9,period3
NORTH KOREA,SADDAM HUSSEIN,THREAT,0.85,period3
NORTH KOREA,IRAN,THREAT,0.9,period3
NORTH KOREA,BEIJING,NEUTRAL,0.85,period3
NORTH KOREA,TOKYO,THREAT,0.9,period3
K-POP,SOUTH KOREA,NEUTRAL,0.9,period3
SOUTH KOREA,MINISTRY OF CULTURE,NEUTRAL,0.8,period3
SOUTH KOREA,CULTURAL EXPORTS,NEUTRAL,0.9,period3
SOUTH KOREA,BTS,NEUTRAL,0.9,period3
SOUTH KOREA,KDRAMAS,NEUTRAL,0.9,period3
SOUTH KOREA,CHANG-DONG DISTRICT,NEUTRAL,0.9,period3
SOUTH KOREA,CULTURAL INFLUENCE,NEUTRAL,0.9,period3
SOUTH KOREA,K-POP,NEUTRAL,0.9,period3
K-POP,KOREA CREATIVE CONTENT AGENCY,NEUTRAL,0.9,period3
K-POP,CHANG-DONG DISTRICT,NEUTRAL,0.9,period3
K-POP,SM ENTERTAINMENT,NEUTRAL,0.9,period3
K-POP,YG ENTERTAINMENT,NEUTRAL,0.9,period3
K-POP,JYP ENTERTAINMENT,NEUTRAL,0.9,period3
KIM DAE-JUNG,CULTURAL EXPORT POLICY,NEUTRAL,0.9,period3
ROH MOO-HYUN,CULTURAL EXPORT POLICY,NEUTRAL,0.9,period3
LEE MYUNG-BAK,CULTURAL EXPORT POLICY,NEUTRAL,0.8,period3
ASIAN FINANCIAL CRISIS,CULTURAL EXPORT POLICY,ECONOMIC,0.85,period3
SOUTH KOREA,USA,THREAT,0.9,period3
SOUTH KOREA,JAPAN,DIPLOMACY,0.85,period3
SOUTH KOREA,NORTH KOREA,THREAT,0.95,period3
SOUTH KOREA,TRIANGULAR ALLIANCE,THREAT,0.9,period3
SOUTH KOREA,KOREAN WAR,NEUTRAL,0.8,period3
SOUTH KOREA,CHINA,ECONOMIC,0.8,period3
SOUTH KOREA,S-400,THREAT,0.9,period3
SOUTH KOREA,F-35,THREAT,0.95,period3
SOUTH KOREA,THAAD,THREAT,0.9,period3
JAPAN,USA,NEUTRAL,0.8,period3
KIM JONG-UN,ETHEREUM,HUMANITARIAN,0.8,period3
JAMIE METZL,NORTH KOREA,THREAT,0.9,period3
KOREAN WAR,CHINA,THREAT,0.9,period3
KOREAN WAR,NORTH KOREA,NEUTRAL,0.9,period3
KOREAN WAR,SOUTH KOREA,NEUTRAL,0.9,period3
KOREAN WAR,PEOPLE'S VOLUNTEER ARMY,NEUTRAL,0.8,period3
KOREAN WAR,UN FORCES,THREAT,0.9,period3
NORTH KOREA,F-35A,THREAT,0.8,period3
NORTH KOREA,UPBIT,NEUTRAL,0.8,period3
NORTH KOREA,KCTV,THREAT,0.85,period3
TRUMP,KIM JONG UN,DIPLOMACY,0.9,period3
TRUMP,DMZ,DIPLOMACY,0.95,period3
KIM JONG UN,SOUTH KOREAN NEWSPAPERS,NEUTRAL,0.8,period3
DPRK,US,DIPLOMACY,0.9,period3
DPRK,ROK,NEUTRAL,0.8,period3
DPRK,UNSC,ECONOMIC,0.9,period3
DPRK,SOHAE,THREAT,0.9,period3
DPRK,MISSILE TEST,THREAT,0.9,period3
DPRK,SANCTIONS,ECONOMIC,0.8,period3
US,NORTH KOREA,DIPLOMACY,0.9,period3
ROK,GWANGJU UPRISING,NEUTRAL,0.8,period3
ROK,KOREAN PENINSULA,NEUTRAL,0.9,period3
KJU,TRUMP,DIPLOMACY,0.9,period3
B52,KOREAN WAR,THREAT,0.9,period3
CHINA,SOUTH KOREA,THREAT,0.85,period3
SOUTH KOREA,SEMICONDUCTORS,ECONOMIC,0.85,period3
SOUTH KOREA,KPOP,ECONOMIC,0.8,period3
SOUTH KOREA,ELECTRIC CAR BATTERY PLANTS,NEUTRAL,0.9,period3
SOUTH KOREA,OLED PANEL PLANTS,ECONOMIC,0.9,period3
MOON,XI JINPING,DIPLOMACY,0.95,period3
MOON,DENUCLEARIZATION,DIPLOMACY,0.9,period3
XI JINPING,KIM JONG-UN,DIPLOMACY,0.85,period3
KIM JONG-UN,PYONGYANG,THREAT,0.9,period3
DENUCLEARIZATION,YONGBYON,DIPLOMACY,0.85,period3
NORTH KOREA,MOON,DIPLOMACY,0.9,period3
NORTH KOREA,US GOVERNMENT,THREAT,0.9,period3
NORTH KOREA,KOREAN GOVERNMENT,DIPLOMACY,0.8,period3
NORTH KOREA,YONGBYON,DIPLOMACY,0.9,period3
NORTH KOREA,CHONGJIN,NEUTRAL,0.9,period3
NORTH KOREA,DPRK,NEUTRAL,0.9,period3
NORTH KOREA,90S FAMINE,HUMANITARIAN,0.85,period3
MOON,EUROPEAN LEADERS,DIPLOMACY,0.9,period3
MOON,SOUTH KOREA,NEUTRAL,0.8,period3
MOON,US GOVERNMENT,DIPLOMACY,0.9,period3
FISHING BOATS,CHONGJIN,NEUTRAL,1.0,period3
NORTH KOREA,TRUMP,DIPLOMACY,0.9,period3
NORTH KOREA,MISSILE,THREAT,0.95,period3
NORTH KOREA,PANMUNJOM AGREEMENT,DIPLOMACY,0.85,period3
NORTH KOREA,SHORT-RANGE MISSILE,THREAT,0.95,period3
NORTH KOREA,MISSILE TEST,THREAT,0.9,period3
SOUTH KOREA,SHORT-RANGE MISSILE,THREAT,0.95,period3
SOUTH KOREA,PYEONGCHANG OLYMPICS,DIPLOMACY,0.9,period3
ROK,DPRK,THREAT,0.8,period3
KJU,MISSILE TEST,THREAT,0.9,period3
KIM JONG UN,NORTH KOREA,THREAT,0.9,period3
NORTH KOREA,MID-RANGE MISSILE,THREAT,0.9,period3
NORTH KOREA,NUCLEAR BOMB,THREAT,0.9,period3
NORTH KOREA,NUCLEAR POLICY,THREAT,0.8,period3
NORTH KOREA,KOREA,NEUTRAL,0.9,period3
NORTH KOREA,DEFENSE AGREEMENT,NEUTRAL,0.85,period3
SOUTH KOREA,NUCLEAR POLICY,NEUTRAL,0.85,period3
SOUTH KOREA,MOON ADMINISTRATION,NEUTRAL,0.9,period3
SOUTH KOREA,KOREA,NEUTRAL,1.0,period3
UAE,NUCLEAR POLICY,NEUTRAL,0.8,period3
UAE,MOON ADMINISTRATION,DIPLOMACY,0.8,period3
KIM JONG UN,UNITED STATES,DIPLOMACY,0.85,period3
KIM JONG UN,SUPREME PEOPLE'S ASSEMBLY,NEUTRAL,0.9,period3
KIM JONG UN,SANCTIONS,ECONOMIC,0.9,period3
UNITED STATES,SANCTIONS,ECONOMIC,0.9,period3
NUCLEAR TALKS,HANOI SUMMIT,DIPLOMACY,0.9,period3
NUCLEAR TALKS,SINGAPORE SUMMIT,DIPLOMACY,0.9,period3
BARAKAH,KHNP,NEUTRAL,0.85,period3
MOON,KHNP,ECONOMIC,0.85,period3
KIM JONG-UN,TRUMP ADMINISTRATION,DIPLOMACY,0.9,period3
KIM JONG-UN,SOUTH KOREA,DIPLOMACY,0.9,period3
KIM JONG-UN,MOON JAE-IN,DIPLOMACY,0.95,period3
NORTH KOREA,TRUMP ADMINISTRATION,DIPLOMACY,0.8,period3
UNITED STATES,DENUCLEARIZATION,DIPLOMACY,0.85,period3
SOUTH KOREA,MOON JAE-IN,DIPLOMACY,0.95,period3
DENUCLEARIZATION,TRUMP ADMINISTRATION,DIPLOMACY,0.95,period3
G20 MEETING,TRUMP ADMINISTRATION,DIPLOMACY,0.85,period3
KIM JONG-UN,KENJI FUJIMOTO,NEUTRAL,0.9,period3
KIM JONG-UN,LETTER,DIPLOMACY,0.9,period3
NORTH KOREA,DONALD TRUMP,DIPLOMACY,0.9,period3
DONALD TRUMP,G20 SUMMIT,DIPLOMACY,0.9,period3
DONALD TRUMP,LETTER,DIPLOMACY,0.95,period3
XI JINPING,NORTH KOREA,DIPLOMACY,0.85,period3
KIM JONG-UN,CHINA,DIPLOMACY,0.85,period3
KIM JONG-UN,RODONG SINMUN,DIPLOMACY,0.8,period3
NORTH KOREA,PETER WARD,ECONOMIC,0.9,period3
NORTH KOREA,NORTH KOREA'S NUCLEAR PROGRAM,DIPLOMACY,0.85,period3
CHINA,KOREAN PENINSULA,DIPLOMACY,0.9,period3
CHINA,NORTH KOREA'S NUCLEAR PROGRAM,DIPLOMACY,0.8,period3
NORTH KOREA,PROPAGANDA,NEUTRAL,0.8,period3
NORTH KOREA,PROPAGANDA MACHINE,NEUTRAL,0.8,period3
KIM JONG-UN,GENERAL,THREAT,0.8,period3
KIM JONG-UN,PIRANHA-FILLED TANK,HUMANITARIAN,0.85,period3
PIRANHA-FILLED TANK,JAMES BOND,NEUTRAL,0.8,period3
PROPAGANDA,DAILY STAR,NEUTRAL,0.8,period3
DAILY STAR,SENSATIONALIZED ARTICLES,NEUTRAL,0.8,period3
KIM JONG-UN,MASS GAMES,NEUTRAL,0.8,period3
KIM JONG-UN,KIM YO-JONG,NEUTRAL,0.9,period3
KIM JONG-UN,KIM YONG-CHOL,DIPLOMACY,0.85,period3
KIM JONG-UN,PROPAGANDA,NEUTRAL,0.8,period3
KIM JONG-UN,BRITISH TABLOIDS,NEUTRAL,0.8,period3
DONALD TRUMP,LONDON,NEUTRAL,0.8,period3
KIM JONG-UN,KIM HYOK-CHOL,THREAT,0.85,period3
KIM JONG-UN,PUTIN,DIPLOMACY,0.9,period3
DONALD TRUMP,MAYOR OF NEW YORK,NEUTRAL,0.9,period3
DONALD TRUMP,MAYOR OF LONDON,NEUTRAL,0.9,period3
NORTH KOREA,KIM HYOK-CHOL,DIPLOMACY,0.9,period3
NORTH KOREA,KIM YONG-CHOL,DIPLOMACY,0.9,period3
SCOTLAND,UK,NEUTRAL,0.9,period3
KIM JONG-UN,TRUMP,DIPLOMACY,0.9,period3
KIM JONG-UN,CHOSUN ILBO,THREAT,0.8,period3
KIM HYOK-CHOL,HANOI SUMMIT,DIPLOMACY,0.9,period3
KIM YONG-CHOL,HANOI SUMMIT,DIPLOMACY,0.9,period3
KIM YONG-CHOL,MIKE POMPEO,DIPLOMACY,0.95,period3
KIM JONG-UN,JOE BIDEN,THREAT,0.8,period3
KIM JONG-UN,DENUCLEARIZATION,DIPLOMACY,0.9,period3
HANOI SUMMIT,KIM YONG-CHOL,DIPLOMACY,0.9,period3
HANOI SUMMIT,KIM HYOK-CHOL,NEUTRAL,0.9,period3
KIM YO-JONG,POLITICAL PRISON CAMP,NEUTRAL,0.8,period3
KIM YONG-CHOL,JAGANG PROVINCE,DIPLOMACY,0.8,period3
KIM JONG-UN,EAST SEA,THREAT,0.9,period3
KIM JONG-UN,CHEMICAL WEAPON,THREAT,0.9,period3
NORTH KOREA,GERMAN FOREIGN MINISTRY,THREAT,0.85,period3
TRUMP,PUTIN,DIPLOMACY,0.85,period3
TRUMP,KIM JONG-UN,DIPLOMACY,0.85,period3
TRUMP,2016 ELECTION,NEUTRAL,0.9,period3
TRUMP,IRAN DEAL,NEUTRAL,0.8,period3
KIM JONG-UN,DAIMLER,NEUTRAL,0.8,period3
KIM JONG-UN,RUSSIA,DIPLOMACY,0.95,period3
KIM JONG-UN,SINGAPORE,DIPLOMACY,0.9,period3
KIM JONG-UN,VLAIDVOSTOK,DIPLOMACY,0.9,period3
NORTH KOREA,KIM JONG-NAM,NEUTRAL,0.9,period3
NORTH KOREA,EAST SEA,THREAT,0.9,period3
DOAN THI HUONG,KIM JONG-NAM,THREAT,0.85,period3
DOAN THI HUONG,MALAYSIA,NEUTRAL,0.8,period3
KIM JONG-NAM,KUALA LUMPUR,NEUTRAL,0.8,period3
KIM JONG-UN,VLADIMIR PUTIN,NEUTRAL,0.8,period3
KIM JONG-UN,KOREAN CENTRAL NEWS AGENCY,NEUTRAL,0.9,period3
VLADIMIR PUTIN,RUSSIA,DIPLOMACY,0.85,period3
VLADIMIR PUTIN,NORTH KOREA,DIPLOMACY,0.8,period3
NORTH KOREA,UNITED NATIONS SECURITY COUNCIL,THREAT,0.95,period3
NORTH KOREA,VLADIVOSTOK SUMMIT,DIPLOMACY,0.85,period3
NORTH KOREA,"40,000 NORTH KOREAN LABORERS",ECONOMIC,0.85,period3
RUSSIA,"40,000 NORTH KOREAN LABORERS",DIPLOMACY,0.8,period3
VLADIVOSTOK SUMMIT,UNITED NATIONS SECURITY COUNCIL,ECONOMIC,0.9,period3
VLADIMIR PUTIN,KIM JONG-UN,ECONOMIC,0.8,period3
VLADIMIR PUTIN,SUMMIT,DIPLOMACY,0.9,period3
KIM JONG-UN,SUMMIT,DIPLOMACY,0.85,period3
KIM JONG-UN,DPRK SECURITY FORCES,NEUTRAL,0.8,period3
KIM JONG-UN,KIM JONG-IL,NEUTRAL,0.9,period3
KIM JONG-UN,US,ECONOMIC,0.85,period3
KIM JONG-UN,SANCTIONS,ECONOMIC,0.9,period3
RUSSIA,SUMMIT,DIPLOMACY,0.9,period3
RUSSIA,US,NEUTRAL,0.8,period3
KIM JONG UN,PUTIN,DIPLOMACY,0.85,period3
KIM JONG UN,DONALD TRUMP,DIPLOMACY,0.95,period3
KIM JONG UN,MICHAEL MADDEN,NEUTRAL,0.8,period3
KIM JONG UN,STATE AFFAIRS COMMISSION,NEUTRAL,0.9,period3
KIM JONG UN,NORTH KOREAN ELECTION,NEUTRAL,0.9,period3
KIM JONG UN,KIM JONG IL,NEUTRAL,0.9,period3
KIM JONG UN,NORTH KOREAN NUCLEAR STRATEGY,THREAT,0.9,period3
KIM JONG UN,KIM JONG UN'S HALF-BROTHER,NEUTRAL,0.85,period3
KIM JONG UN'S HALF-BROTHER,VIETNAMESE WOMAN,NEUTRAL,0.8,period3
KIM JONG-UN,VIETNAMESE WOMAN,NEUTRAL,0.85,period3
KIM JONG-UN,DENUCLEARISATION TALKS,DIPLOMACY,0.9,period3
KIM JONG-UN,HANOI,DIPLOMACY,0.9,period3
KIM JONG-UN,WORKERS' PARTY OF KOREA,NEUTRAL,0.9,period3
KIM JONG-UN,KIM JONG-UN'S HALF-BROTHER,NEUTRAL,0.8,period3
NORTH KOREA,CHEOLLIMA CIVIL DEFENCE,NEUTRAL,0.8,period3
CHEOLLIMA CIVIL DEFENCE,MADRID,NEUTRAL,0.85,period3
CHEOLLIMA CIVIL DEFENCE,NORTH KOREAN EMBASSY RAID,THREAT,0.8,period3
KIM JONG-UN,KIM JONG-NAM,HUMANITARIAN,0.85,period3
KIM JONG-UN,POMPEO,DIPLOMACY,0.9,period3
WORKERS' PARTY OF KOREA,NORTH KOREAN ELECTION,NEUTRAL,0.9,period3
KIM JONG-NAM,SITI AISYAH,NEUTRAL,0.9,period3
KIM JONG-UN,PROPAGANDA AND AGITATION DEPARTMENT,NEUTRAL,0.8,period3
DONALD TRUMP,HANOI MEETING,DIPLOMACY,0.9,period3
DONALD TRUMP,SUMMIT,DIPLOMACY,0.9,period3
NORTH KOREA,HANOI MEETING,NEUTRAL,0.8,period3
NORTH KOREA,ROCKET LAUNCH SITE,DIPLOMACY,0.8,period3
NORTH KOREA,US SPECIAL ENVOY,DIPLOMACY,0.9,period3
NORTH KOREA,SUMMIT,DIPLOMACY,0.9,period3
SITI AISYAH,KIM JONG-NAM,NEUTRAL,0.8,period3
KIM JONG-NAM,MALAYSIA,DIPLOMACY,0.85,period3
KIM JONG-UN,OTTO WARMBIER,HUMANITARIAN,0.95,period3
KIM JONG-UN,KIM IL-SUNG,NEUTRAL,0.8,period3
TRUMP,NORTH KOREA,DIPLOMACY,0.9,period3
TRUMP,SUMMIT,DIPLOMACY,0.9,period3
NORTH KOREA,OTTO WARMBIER,HUMANITARIAN,0.9,period3
SUMMIT,VIETNAM,DIPLOMACY,0.95,period3
KIM JONG-UN,ICBM,THREAT,0.9,period3
NORTH KOREA,FREE JOSEON,NEUTRAL,0.8,period3
FREE JOSEON,MADRID EMBASSY RAID,THREAT,0.85,period3
OTTO WARMBIER,KHIZR KHAN,HUMANITARIAN,0.85,period3
NORTH KOREA,YONGBYON NUCLEAR COMPLEX,THREAT,0.95,period3
NORTH KOREA,SANUMDONG,THREAT,0.9,period3
NORTH KOREA,NUCLEAR DEAL,DIPLOMACY,0.9,period3
NORTH KOREA,SOUTH KOREA'S JOONGANG ILBO,THREAT,0.8,period3
NORTH KOREA,DONGA ILBO,THREAT,0.8,period3
KIM JONG UN,TRUMP,DIPLOMACY,0.9,period3
MIKE POMPEO,NORTH KOREA,DIPLOMACY,0.9,period3
MIKE POMPEO,DONALD TRUMP,DIPLOMACY,0.9,period3
NORTH KOREA,NUCLEAR DISARMAMENT DEAL,DIPLOMACY,0.9,period3
NORTH KOREA,BOLTON,THREAT,0.95,period3
NORTH KOREA,PUNGGYE-RI NUCLEAR TEST SITE,THREAT,0.9,period3
DONALD TRUMP,VIETNAM,DIPLOMACY,0.9,period3
NORTH KOREA,NORTH KOREA'S NUCLEAR BOMB,THREAT,0.9,period3
NORTH KOREA,SLBM,THREAT,0.9,period3
NORTH KOREA,CRYPTO THEFT,THREAT,0.9,period3
NORTH KOREA,NORTH KOREA'S SUBMARINE,THREAT,0.95,period3
NORTH KOREA,DPRK NAVY,NEUTRAL,0.9,period3
TRUMP,JOHN BOLTON,DIPLOMACY,0.8,period3
TRUMP,EASTERN EUROPE,THREAT,0.85,period3
NORTH KOREA,INDEPENDENT INSPECTORS,DIPLOMACY,0.85,period3
NORTH KOREA,CRYPTOCURRENCY,ECONOMIC,0.9,period3
NORTH KOREA,$700 MILLION CRYPTO THEFT,THREAT,0.9,period3
TRUMP,G-20 SUMMIT,DIPLOMACY,0.9,period3
KIM JONG UN,DMZ,DIPLOMACY,0.9,period3
SOUTH KOREA,UNIFICATION MINISTER,NEUTRAL,0.8,period3
DONALD TRUMP,KIM JONG UN,DIPLOMACY,0.9,period3
DONALD TRUMP,SOUTH KOREA,DIPLOMACY,0.85,period3
DONALD TRUMP,DEMILITARIZED ZONE,DIPLOMACY,0.9,period3
DONALD TRUMP,G-20 SUMMIT,DIPLOMACY,0.9,period3
DONALD TRUMP,THIRD TRUMP-KIM SUMMIT,DIPLOMACY,0.9,period3
KIM JONG UN,SOUTH KOREA,THREAT,0.9,period3
KIM JONG UN,DEMILITARIZED ZONE,NEUTRAL,0.8,period3
KIM JONG UN,THIRD TRUMP-KIM SUMMIT,DIPLOMACY,0.8,period3
KIM JONG UN,PYONGYANG,NEUTRAL,0.9,period3
KIM JONG UN,LETTER,DIPLOMACY,0.95,period3
KIM JONG UN,CHINA,NEUTRAL,0.8,period3
KIM JONG UN,CIA,THREAT,0.9,period3
KIM JONG UN,TRUMP TALKS,DIPLOMACY,0.95,period3
KIM JONG UN,RUSSIA,DIPLOMACY,0.85,period3
KIM JONG UN,TRUMP'S LETTER,DIPLOMACY,0.85,period3
TRUMP,WHITE HOUSE,NEUTRAL,0.9,period3
TRUMP,BOLTON,THREAT,0.9,period3
TRUMP,CIA,THREAT,0.85,period3
TRUMP,LETTER,DIPLOMACY,0.95,period3
TRUMP,KCNA,NEUTRAL,0.8,period3
WHITE HOUSE,KIM KARDASHIAN WEST,NEUTRAL,0.9,period3
DONALD TRUMP,TRUMP-KIM SUMMIT,DIPLOMACY,0.95,period3
DONALD TRUMP,MIKE POMPEO,DIPLOMACY,0.8,period3
DONALD TRUMP,VLADIMIR PUTIN,DIPLOMACY,0.9,period3
KIM JONG UN,TRUMP-KIM SUMMIT,DIPLOMACY,0.95,period3
KIM JONG UN,MIKE POMPEO,DIPLOMACY,0.95,period3
KIM JONG UN,CHOSUN,NEUTRAL,0.8,period3
KIM JONG UN,CHEMICAL WEAPON,THREAT,0.85,period3
KIM JONG UN,KUALA LUMPUR AIRPORT,THREAT,0.85,period3
KIM JONG-UN,TRUMP-KIM SUMMIT,DIPLOMACY,0.8,period3
KIM YONG-CHOL,TRUMP-KIM SUMMIT,DIPLOMACY,0.8,period3
KIM YONG-CHOL,KIM SONG-HYE,DIPLOMACY,0.8,period3
KIM YONG-CHOL,NORTH KOREA,NEUTRAL,0.9,period3
KIM SONG-HYE,NORTH KOREA,DIPLOMACY,0.8,period3
KIM SONG-HYE,POLITICAL PRISON CAMP,HUMANITARIAN,0.85,period3
NORTH KOREA,WORKERS' PARTY,NEUTRAL,0.9,period3
KIM JONG UN,KIM HYOK CHOL,DIPLOMACY,0.85,period3
KIM JONG UN,NORTH KOREAN FOREIGN MINISTRY,DIPLOMACY,0.8,period3
KIM HYOK CHOL,SUMMIT,DIPLOMACY,0.9,period3
KIM HYOK CHOL,NORTH KOREAN FOREIGN MINISTRY,NEUTRAL,0.9,period3
KIM YONG CHOL,SUMMIT,DIPLOMACY,0.9,period3
KIM YONG CHOL,MIKE POMPEO,DIPLOMACY,0.95,period3
SUMMIT,HANOI,NEUTRAL,0.9,period3
KIM JONG UN,HANOI,DIPLOMACY,0.95,period3
KIM JONG UN,SENIOR OFFICIALS,THREAT,0.85,period3
DONALD TRUMP,HANOI,DIPLOMACY,0.9,period3
KIM HYOK CHOL,PURGE,THREAT,0.85,period3
CHOSUN ILBO,PURGE,NEUTRAL,0.8,period3
PURGE,SENIOR OFFICIALS,HUMANITARIAN,0.9,period3
HYON SONG-WOL,NORTH KOREA,NEUTRAL,0.8,period3
NORTH KOREA,TRUMP-KIM SUMMIT,DIPLOMACY,0.9,period3
NORTH KOREA,CHOSUN ILBO,NEUTRAL,0.8,period3
NORTH KOREA,SAUDI ARABIA,HUMANITARIAN,0.9,period3
NORTH KOREA,ABE-KIM TALKS,DIPLOMACY,0.9,period3
NORTH KOREA,EXECUTION RUMORS,HUMANITARIAN,0.85,period3
TRUMP-KIM SUMMIT,KIM JONG UN,DIPLOMACY,0.95,period3
TRUMP-KIM SUMMIT,DONALD TRUMP,NEUTRAL,0.9,period3
CHOSUN ILBO,PAYWALL,NEUTRAL,0.9,period3
KIM JONG UN,BIDEN,NEUTRAL,0.8,period3
DONALD TRUMP,JOE BIDEN,DIPLOMACY,0.85,period3
DONALD TRUMP,JAPAN,DIPLOMACY,0.85,period3
DONALD TRUMP,TRUMP HOTEL,NEUTRAL,0.9,period3
KIM JONG UN,MISSILE TESTS,THREAT,0.95,period3
JOE BIDEN,BIDEN CRITICISM,NEUTRAL,0.9,period3
NORTH KOREA,MISSILE TESTS,THREAT,0.9,period3
DONALD TRUMP,BOLTON,DIPLOMACY,0.8,period3
DONALD TRUMP,U.S. BORDER WALL,NEUTRAL,0.9,period3
DONALD TRUMP,SAUDIS,NEUTRAL,0.8,period3
DONALD TRUMP,RUSSIA,DIPLOMACY,0.8,period3
JOE BIDEN,BOLTON,NEUTRAL,0.8,period3
KIM JONG UN,MISSILE TEST,THREAT,0.95,period3
KIM JONG UN,STATE DEPARTMENT,NEUTRAL,0.9,period3
DONALD TRUMP,JARED KUSHNER,NEUTRAL,0.9,period3
DONALD TRUMP,NUCLEAR DEAL,DIPLOMACY,0.9,period3
DONALD TRUMP,SAUDI ARABIA,DIPLOMACY,0.8,period3
DONALD TRUMP,STATE DEPARTMENT,NEUTRAL,0.9,period3
NORTH KOREA,MISSILE LAUNCH,THREAT,0.85,period3
SINGAPORE,SHANGRI-LA HOTEL,NEUTRAL,0.9,period3
SINGAPORE,EVAN RESNICK,NEUTRAL,0.8,period3
SINGAPORE,DEFENSE SUMMIT,NEUTRAL,0.9,period3
ASIA PACIFIC NATIONS,SHANGRI-LA HOTEL,THREAT,0.8,period3
SOUTH CHINA SEA,CHINA,THREAT,0.9,period3
CHINA,USA,THREAT,0.8,period3
SINGAPORE,LEE HSIEN LOONG,NEUTRAL,1.0,period3
SINGAPORE,MALAYSIA,NEUTRAL,0.9,period3
MALAYSIA,LEE HSIEN LOONG,DIPLOMACY,0.95,period3
KIM JONG UN,HANOI SUMMIT,DIPLOMACY,0.85,period3
KIM JONG UN,KIM YO JONG,DIPLOMACY,0.9,period3
KIM JONG UN,KIM YONG CHOL,DIPLOMACY,0.9,period3
HANOI SUMMIT,KIM YONG CHOL,DIPLOMACY,0.9,period3
KIM JONG UN,SHIN HYE YONG,DIPLOMACY,0.85,period3
KIM JONG UN,CHOSUN ILBO,NEUTRAL,0.8,period3
HANOI SUMMIT,SHIN HYE YONG,NEUTRAL,0.8,period3
SHIN HYE YONG,POLITICAL PRISON CAMP,NEUTRAL,0.8,period3
HANOI,U.S. SUMMIT,DIPLOMACY,0.9,period3
DPRK,NORTH KOREA,DIPLOMACY,0.9,period3
U.S. SUMMIT,LIBYA MODEL,NEUTRAL,0.85,period3
SATELLITE IMAGES,NORTH KOREAN SPACE PROGRAM,THREAT,0.95,period3
NORTH KOREA,MOON JAE-IN,DIPLOMACY,0.95,period3
SOUTH KOREA,KOREAN PENINSULA,DIPLOMACY,0.85,period3
MOON JAE-IN,HANOI SUMMIT,NEUTRAL,0.8,period3
MOON JAE-IN,KIM,DIPLOMACY,0.9,period3
MOON JAE-IN,UNIFICATION MINISTRY,DIPLOMACY,0.85,period3
XI JINPING,KIM JONG UN,DIPLOMACY,0.9,period3
KIM JONG UN,DENUCLEARIZATION TALKS,DIPLOMACY,0.9,period3
TRUMP ADMINISTRATION,DENUCLEARIZATION TALKS,DIPLOMACY,0.9,period3
TRUMP ADMINISTRATION,TRUMP,NEUTRAL,0.9,period3
TRUMP,JAPAN,THREAT,0.85,period3
TRUMP,ABE,DIPLOMACY,0.9,period3
KIM JONG UN,DENUCLEARIZATION,DIPLOMACY,0.85,period3
KIM JONG UN,SECURITY GUARANTEES,DIPLOMACY,0.85,period3
NORTH KOREA,ABE,THREAT,0.9,period3
PUTIN,SECURITY GUARANTEES,DIPLOMACY,0.9,period3
DPRK,ABE,THREAT,0.9,period3
NORTH KOREA,JOHN BOLTON,THREAT,0.9,period3
NORTH KOREA,MIKE POMPEO,DIPLOMACY,0.85,period3
NORTH KOREA,WEAPONS TEST,THREAT,0.9,period3
JOHN BOLTON,MIKE POMPEO,DIPLOMACY,0.85,period3
DMITRI TRENN,CARNEGIE MOSCOW CENTER,NEUTRAL,0.9,period3
NORTH KOREA,KEY RESOLVE,THREAT,0.9,period3
NORTH KOREA,FOAL EAGLE,THREAT,0.8,period3
NORTH KOREA,G20 SUMMIT,NEUTRAL,0.8,period3
DENUCLEARIZATION,HANOI,DIPLOMACY,0.9,period3
DENUCLEARIZATION,NORTH KOREA-U.S. NUCLEAR TALKS,DIPLOMACY,0.9,period3
RUSSIA,PUTIN,DIPLOMACY,0.8,period3
JAPAN,US,THREAT,0.85,period3
US,PEACE TREATY,NEUTRAL,0.85,period3
NORTH KOREA,LIBYA,THREAT,0.85,period3
NORTH KOREA,KAESONG PROJECT,DIPLOMACY,0.8,period3
NORTH KOREA,KUMGANG MOUNTAIN PROJECT,DIPLOMACY,0.85,period3
DENUCLEARIZATION,NORTH KOREA NUCLEAR PROGRAM,DIPLOMACY,0.9,period3
TRUMP,VIETNAM,DIPLOMACY,0.8,period3
TRUMP,COHEN,NEUTRAL,0.8,period3
NORTH KOREA,DROUGHT,HUMANITARIAN,0.95,period3
NORTH KOREA,MISSILE SYSTEM,THREAT,0.9,period3
NORTH KOREA,FOOD AID,HUMANITARIAN,0.95,period3
SOUTH KOREA,HUMANITARIAN AID,HUMANITARIAN,0.95,period3
U.N. WORLD FOOD PROGRAMME,HUMANITARIAN AID,HUMANITARIAN,0.95,period3
TRUMP,MIKE POMPEO,DIPLOMACY,0.9,period3
TRUMP,VENEZUELA,HUMANITARIAN,0.8,period3
TRUMP,DENUCLEARIZATION,DIPLOMACY,0.95,period3
NORTH KOREA,HANOI TALKS,DIPLOMACY,0.9,period3
NORTH KOREA,LONG RANGE MISSILES,THREAT,0.9,period3
NORTH KOREA,SHORT RANGE MISSILES,THREAT,0.9,period3
MIKE POMPEO,KWON JONG GUN,DIPLOMACY,0.85,period3
MIKE POMPEO,HANOI SUMMIT,DIPLOMACY,0.9,period3
KWON JONG GUN,KOREAN CENTRAL NEWS AGENCY,NEUTRAL,0.8,period3
NORTH KOREA,TACTICAL GUIDED WEAPON,THREAT,0.85,period3
NORTH KOREA,NUCLEAR TALKS,DIPLOMACY,0.9,period3
NORTH KOREA,VENEZUELA,THREAT,0.85,period3
NORTH KOREA,DENNIS RODMAN,DIPLOMACY,0.9,period3
MIKE POMPEO,TRUMP,DIPLOMACY,0.95,period3
NORTH KOREA,U.S.,DIPLOMACY,0.8,period3
NORTH KOREA,DENUCLEARISATION POLICY,THREAT,0.8,period3
U.S.,SOUTH KOREA,DIPLOMACY,0.8,period3
U.S.,KIM JONG UN,DIPLOMACY,0.9,period3
U.S.,EUROPE,DIPLOMACY,0.8,period3
SOUTH KOREA,INTER-KOREAN LIAISON OFFICE,NEUTRAL,0.9,period3
TRUMP,NUCLEAR FOOTBALL,THREAT,0.95,period3
UNITED STATES,NUCLEAR TALKS,DIPLOMACY,0.9,period3
UNITED STATES,ECONOMIC INCENTIVES,DIPLOMACY,0.9,period3
KIM,DONALD TRUMP,DIPLOMACY,0.9,period3
KIM,MIKE POMPEO,DIPLOMACY,0.9,period3
KIM,BOLTON,DIPLOMACY,0.85,period3
KIM,NORTH KOREAN ARMY,NEUTRAL,0.9,period3
NUCLEAR TALKS,DENUCLEARIZATION,DIPLOMACY,0.9,period3
NORTH KOREA,MISSILE PROGRAM,DIPLOMACY,0.85,period3
NORTH KOREA,TRUMP-KIM TALKS,DIPLOMACY,0.9,period3
UNITED STATES,MOON JAE-IN,DIPLOMACY,0.95,period3
MOON JAE-IN,SOUTH KOREA,DIPLOMACY,0.95,period3
SOUTH KOREA,KUMGANG MOUNTAIN,DIPLOMACY,0.85,period3
SOUTH KOREA,KAESONG INDUSTRIAL COMPLEX,ECONOMIC,0.9,period3
UNITED STATES,NORTH KOREA,DIPLOMACY,0.8,period3
NORTH KOREA,KIM HYOK CHOL,DIPLOMACY,0.85,period3
NORTH KOREA,UNSC RESOLUTIONS,ECONOMIC,0.9,period3
SOUTH KOREA,WORLD WAR TWO,NEUTRAL,0.8,period3
KIM HYOK CHOL,MIKE POMPEO,DIPLOMACY,0.9,period3
KIM YO JONG,KIM JONG UN,NEUTRAL,0.9,period3
KIM HYOK CHOL,NORTH KOREA,DIPLOMACY,0.9,period3
KIM HYOK CHOL,U.S.-NORTH KOREA SUMMIT,DIPLOMACY,0.9,period3
KIM HYOK CHOL,POMPEO,DIPLOMACY,0.9,period3
KIM HYOK CHOL,FOREIGN MINISTRY OFFICIALS,DIPLOMACY,0.9,period3
KIM HYOK CHOL,SECOND U.S.-NORTH KOREA SUMMIT,DIPLOMACY,0.9,period3
NORTH KOREA,SECOND U.S.-NORTH KOREA SUMMIT,NEUTRAL,0.9,period3
NORTH KOREA,CARGO SHIP,ECONOMIC,0.85,period3
NORTH KOREA,TRADE FAIR,ECONOMIC,0.9,period3
NORTH KOREA,THERMONUCLEAR WEAPONS,THREAT,0.95,period3
NORTH KOREA,SHIP-TO-SHIP TRANSFERS,ECONOMIC,0.9,period3
NORTH KOREA,U.S. TRADE SANCTIONS,ECONOMIC,0.9,period3
UNITED STATES,UN SANCTIONS,ECONOMIC,0.9,period3
CHINA,UN SANCTIONS,ECONOMIC,0.8,period3
UN SANCTIONS,SAJJAN,ECONOMIC,0.9,period3
UNITED NATIONS,SANCTIONS,ECONOMIC,0.9,period3
NORTH KOREA,USS PUEBLO,THREAT,0.9,period3
NORTH KOREA,WEAPONS OF MASS DESTRUCTION,THREAT,0.95,period3
DONALD TRUMP,SANCTIONS,ECONOMIC,0.8,period3
BORDER CROSSING,CHINA,ECONOMIC,0.9,period3
DONALD TRUMP,U.S. TREASURY,ECONOMIC,0.9,period3
NORTH KOREA,U.S. TREASURY,ECONOMIC,0.9,period3
NORTH KOREA,CHINESE SHIPPING COMPANIES,ECONOMIC,0.85,period3
NORTH KOREA,NUCLEAR WEAPONS PROGRAM,THREAT,0.9,period3
U.S. TREASURY,CHINESE SHIPPING COMPANIES,ECONOMIC,0.9,period3
DONALD TRUMP,US TREASURY,ECONOMIC,0.85,period3
NORTH KOREA,US TREASURY,ECONOMIC,0.9,period3
NORTH KOREA,NORTH KOREAN COAL,ECONOMIC,0.9,period3
US TREASURY,SANCTIONS,ECONOMIC,0.9,period3
TRUMP,U.S. TREASURY,DIPLOMACY,0.85,period3
TRUMP,SUMMIT MEETING,DIPLOMACY,0.9,period3
KIM JONG-UN,SUMMIT MEETING,NEUTRAL,0.8,period3
KIM JONG UN,SUMMIT,DIPLOMACY,0.9,period3
IRAN,SANCTIONS,ECONOMIC,0.85,period3
U.S. TREASURY,SANCTIONS,ECONOMIC,0.9,period3
SANCTIONS,TREASURY DEPARTMENT,ECONOMIC,0.9,period3
NORTH KOREA,LIAISON OFFICE,DIPLOMACY,0.85,period3
NORTH KOREA,DMZ,THREAT,0.85,period3
NORTH KOREA,U.N.,DIPLOMACY,0.8,period3
KIM JONG UN,MOON JAE-IN,DIPLOMACY,0.95,period3
KIM JONG UN,SECOND U.S.-NORTH KOREA SUMMIT,DIPLOMACY,0.9,period3
MOON JAE-IN,LIAISON OFFICE,DIPLOMACY,0.9,period3
SANCTIONS,NUCLEAR PROGRAM,ECONOMIC,0.9,period3
SANCTIONS,MILITARY EQUIPMENT,ECONOMIC,0.9,period3
LIAISON OFFICE,KAESONG,NEUTRAL,0.9,period3
SANCTIONS ON NORTH KOREA,OIL SMUGGLING,ECONOMIC,0.9,period3
TRUMP,SARAH HUCKABEE SANDERS,DIPLOMACY,0.8,period3
NORTH KOREA,RI YONG HO,DIPLOMACY,0.8,period3
NORTH KOREA,OIL,ECONOMIC,0.9,period3
NORTH KOREA,COAL,ECONOMIC,0.9,period3
SOUTH KOREA,MILITARY EXERCISES,THREAT,0.9,period3
NORTH KOREA,MILITARY DRILLS,THREAT,0.95,period3
SOUTH KOREA,DMZ,DIPLOMACY,0.85,period3
SOUTH KOREA,MILITARY DRILLS,THREAT,0.95,period3
NORTH KOREA,NUCLEAR TEST,THREAT,0.9,period3
NORTH KOREA,KCNA,THREAT,0.9,period3
NORTH KOREA,STEPHEN BIEGUN,DIPLOMACY,0.95,period3
NORTH KOREA,SINO-RI MISSILE OPERATING BASE,THREAT,0.95,period3
MISSILE,BALLISTIC MISSILE,NEUTRAL,0.9,period3
NORTH KOREA,UNIDENTIFIED PROJECTILE,THREAT,0.9,period3
SOUTH KOREA,STRIKE DRILL,THREAT,0.9,period3
NORTH KOREA,SOHAE LAUNCH FACILITY,THREAT,0.9,period3
SOUTH KOREA,SOHAE LAUNCH FACILITY,THREAT,0.85,period3
KIM JONG-UN,TACTICAL GUIDED WEAPON,THREAT,0.9,period3
CENTER FOR STRATEGIC AND INTERNATIONAL STUDIES,BEYOND PARALLEL,NEUTRAL,0.8,period3
NORTH KOREA,PYONGYANG,NEUTRAL,0.9,period3
NORTH KOREA,US-S KOREA MILITARY DRILLS,THREAT,0.9,period3
SOUTH KOREA,HUAWEI,THREAT,0.8,period3
DONALD TRUMP,US-S KOREA MILITARY DRILLS,DIPLOMACY,0.8,period3
NORTH KOREA,HARRY KAZIANIS,DIPLOMACY,0.9,period3
NORTH KOREA,U.S.-CHINA TRADE DEAL,ECONOMIC,0.85,period3
NORTH KOREA,KEN KATO,HUMANITARIAN,0.95,period3
KIMSUSAN PALACE OF THE SUN,KIM IL-SUNG,NEUTRAL,0.9,period3
KIMSUSAN PALACE OF THE SUN,KIM JONG-IL,NEUTRAL,0.9,period3
KIMSUSAN PALACE OF THE SUN,CENTRE FOR SCIENTIFIC RESEARCH AND TEACHING METHODS IN BIOCHEMICAL TECHNOLOGIES,NEUTRAL,0.9,period3
KEN KATO,UN SECURITY COUNCIL,THREAT,0.85,period3
KEN KATO,HUMAN RIGHTS IN ASIA,HUMANITARIAN,0.9,period3
UN SECURITY COUNCIL,UN RESOLUTIONS,ECONOMIC,0.85,period3
NORTH KOREA,ALEK SIGLEY,THREAT,0.85,period3
NORTH KOREA,HUMANITARIAN ASSISTANCE,HUMANITARIAN,0.95,period3
NORTH KOREA,WEAPONS PROGRAMMES,THREAT,0.8,period3
ALEK SIGLEY,LEONID PETROV,HUMANITARIAN,0.85,period3
ALEK SIGLEY,PERTH,NEUTRAL,0.9,period3
ALEK SIGLEY,AUSTRALIA,HUMANITARIAN,0.9,period3
ALEK SIGLEY,NORTH KOREA,HUMANITARIAN,0.85,period3
NORTH KOREA,XI JINPING,DIPLOMACY,0.9,period3
DONALD TRUMP,NUCLEAR TALKS,DIPLOMACY,0.9,period3
KIM JONG UN,MIRIM AIRPORT,THREAT,0.85,period3
KIM JONG UN,NORTH KOREAN ENVOY,THREAT,0.8,period3
KIM JONG UN,XI JINPING,DIPLOMACY,0.95,period3
KIM HYOK-CHOL,NORTH KOREA,THREAT,0.8,period3
KIM HYOK-CHOL,KIM JONG-UN,NEUTRAL,0.8,period3
KIM HYOK-CHOL,TRUMP SUMMIT,THREAT,0.8,period3
KIM JONG-UN,TRUMP SUMMIT,NEUTRAL,0.8,period3
KIM JONG-UN,STATE AFFAIRS COMMISSION,NEUTRAL,0.9,period3
TRUMP SUMMIT,HANOI SUMMIT,NEUTRAL,0.9,period3
SOUTH KOREA,CHOSUN ILBO,NEUTRAL,0.9,period3
KIM YONG-CHOL,STATE AFFAIRS COMMISSION,NEUTRAL,0.9,period3
KIM JONG-UN,HIGH TREASON,THREAT,0.8,period3
KIM HYOK-CHOL,CIA,THREAT,0.8,period3
DONALD TRUMP,HANOI SUMMIT,DIPLOMACY,0.95,period3
DONALD TRUMP,SHINZO ABE,THREAT,0.85,period3
DONALD TRUMP,TRADE GAP,ECONOMIC,0.9,period3
DONALD TRUMP,USA,NEUTRAL,0.9,period3
SHINZO ABE,JAPAN,DIPLOMACY,0.9,period3
SHINZO ABE,TRADE GAP,ECONOMIC,0.9,period3
SHINZO ABE,USA,NEUTRAL,0.8,period3
ABE,TRUMP,DIPLOMACY,0.9,period3
TRUMP,JOE BIDEN,NEUTRAL,0.8,period3
TRUMP,IRAN,THREAT,0.9,period3
TRUMP,RUSSIA,DIPLOMACY,0.8,period3
JOE BIDEN,2020 WHITE HOUSE ELECTION,NEUTRAL,0.9,period3
NORTH KOREA,MINUTEMAN III,THREAT,0.9,period3
NORTH KOREA,NUCLEAR DISARMAMENT,THREAT,0.8,period3
DONALD TRUMP,NUCLEAR DISARMAMENT,DIPLOMACY,0.9,period3
KIM,HANOI SUMMIT,DIPLOMACY,0.95,period3
MISSILE TEST,TACTICAL GUIDED WEAPON,THREAT,0.9,period3
DONALD TRUMP,KIM,DIPLOMACY,0.95,period3
DONALD TRUMP,IRAN DEAL,THREAT,0.85,period3
DONALD TRUMP,VENEZUELA,THREAT,0.8,period3
DONALD TRUMP,DIPLOMATIC SUMMIT,DIPLOMACY,0.95,period3
NORTH KOREA,MATTIS,THREAT,0.9,period3
NORTH KOREA,PROJECTILES,THREAT,0.85,period3
KIM,DIPLOMATIC SUMMIT,DIPLOMACY,0.9,period3
TRUMP,XI JINPING,DIPLOMACY,0.85,period3
TRUMP,G20 SUMMIT,THREAT,0.8,period3
CHINA,NORTH KOREA,DIPLOMACY,0.85,period3
CHINA,US,DIPLOMACY,0.9,period3
G20 SUMMIT,XI JINPING,NEUTRAL,0.8,period3
BANK OF COMMUNICATIONS,NORTH KOREAN SANCTIONS,ECONOMIC,0.9,period3
CHINA MERCHANTS BANK,NORTH KOREAN SANCTIONS,ECONOMIC,0.9,period3
SHANGHAI PUDONG DEVELOPMENT BANK,NORTH KOREAN SANCTIONS,ECONOMIC,0.9,period3
NORTH KOREAN SANCTIONS,US,ECONOMIC,0.9,period3
XI JINPING,CHINA,NEUTRAL,0.9,period3
NORTH KOREA,TOMAS OJEA QUINTANA,HUMANITARIAN,0.95,period3
U.N.,TOMAS OJEA QUINTANA,HUMANITARIAN,0.9,period3
U.N.,NORTH KOREAN ESCAPEES,HUMANITARIAN,0.95,period3
KOREAN PENINSULA,NORTH KOREAN ESCAPEES,HUMANITARIAN,0.9,period3
NORTH KOREAN ESCAPEES,UNDERGROUND RAILROAD,HUMANITARIAN,0.9,period3
UNDERGROUND RAILROAD,NORTH KOREAN DEFECTORS,HUMANITARIAN,0.95,period3
CHINESE RAIDS,NORTH KOREAN DEFECTORS,HUMANITARIAN,0.85,period3
NORTH KOREA,SINUJU,NEUTRAL,0.8,period3
NORTH KOREA,NORTH KOREAN DEFECTORS,HUMANITARIAN,0.95,period3
NORTH KOREA,REFUGEE CRISIS,HUMANITARIAN,0.9,period3
CHINA,NORTH KOREAN DEFECTORS,HUMANITARIAN,0.9,period3
SINUJU,DAILY NK,HUMANITARIAN,0.8,period3
SINUJU,NORTH KOREAN AUTHORITIES,NEUTRAL,0.8,period3
SINUJU,MODERNIZATION PLANS,HUMANITARIAN,0.85,period3
NORTH KOREAN DEFECTORS,UNDERGROUND RAILROAD,HUMANITARIAN,0.95,period3
NORTH KOREAN DEFECTORS,NORTH KOREAN AUTHORITIES,HUMANITARIAN,0.9,period3
PYONGYANG,NORTH KOREAN AUTHORITIES,NEUTRAL,0.9,period3
KIM JONG NAM,KIM JONG UN,THREAT,0.9,period3
KIM JONG NAM,CIA,NEUTRAL,0.8,period3
KIM JONG NAM,MALAYSIA,THREAT,0.85,period3
KIM JONG NAM,KUALA LUMPUR INTERNATIONAL AIRPORT,NEUTRAL,0.8,period3
KIM JONG NAM,KIM JONG IL,NEUTRAL,0.9,period3
KIM JONG NAM,FALSE PASSPORTS,NEUTRAL,0.8,period3
CIA,NORTH KOREA,THREAT,0.85,period3
NORTH KOREA,KIM JONG IL,NEUTRAL,0.9,period3
KIM JONG NAM,ANNA FIFIELD,NEUTRAL,0.8,period3
KIM JONG NAM,SINGAPORE,NEUTRAL,0.8,period3
KIM JONG NAM,NORTH KOREA,NEUTRAL,0.9,period3
KIM JONG NAM,EXECUTION BY FEEDING TO PIRANHAS,THREAT,0.85,period3
NORTH KOREA,HUMAN RIGHTS GROUP,HUMANITARIAN,0.95,period3
NORTH KOREA,THAE YONG-HO,NEUTRAL,0.8,period3
NORTH KOREA,MALAYSIA,NEUTRAL,0.8,period3
NORTH KOREAN DEFECTORS,CHINA,HUMANITARIAN,0.9,period3
CYBERSEX SLAVES,CHINA,HUMANITARIAN,0.95,period3
DAILY MAIL,FAKE NEWS,NEUTRAL,0.9,period3
THAE YONG-HO,NORTH KOREA,NEUTRAL,0.9,period3
THAE YONG-HO,NORTH KOREAN EMBASSY,NEUTRAL,0.9,period3
THAE YONG-HO,MILKSHAKE ATTACK,HUMANITARIAN,0.9,period3
THAE YONG-HO,POLITICAL VIOLENCE,HUMANITARIAN,0.9,period3
NORTH KOREA,MILKSHAKE ATTACK,THREAT,0.85,period3
NORTH KOREA,US FLAG,HUMANITARIAN,0.8,period3
SOUTH KOREA,AID PACKAGE,HUMANITARIAN,0.95,period3
KIM JONG UN,LONG-RANGE MISSILE,THREAT,0.95,period3
FAKE NEWS,DISINFORMATION,NEUTRAL,0.9,period3
KIM JONG UN,NUCLEAR SUMMIT,NEUTRAL,0.8,period3
KIM JONG UN,MUSICAL PERFORMANCE,NEUTRAL,0.9,period3
KIM YONG CHOL,KOREAN CENTRAL NEWS AGENCY,NEUTRAL,0.9,period3
KIM YONG CHOL,NUCLEAR SUMMIT,DIPLOMACY,0.9,period3
KIM YONG CHOL,TRUMP,DIPLOMACY,0.95,period3
KIM YONG CHOL,LABOR CAMP,HUMANITARIAN,0.85,period3
KIM YONG CHOL,KIM JONG UN,NEUTRAL,0.9,period3
KIM YONG CHOL,NORTH KOREA,DIPLOMACY,0.9,period3
KIM YONG CHOL,U.S.,DIPLOMACY,0.9,period3
NORTH KOREA,KOREAN PEOPLE'S ARMY,NEUTRAL,0.8,period3
NORTH KOREA,LABOR CAMP,HUMANITARIAN,0.9,period3
U.S.,NUCLEAR SUMMIT,DIPLOMACY,0.8,period3
KIM YONG CHOL,WORKERS' PARTY OF KOREA,NEUTRAL,0.9,period3
KIM YONG CHOL,FAILED DPRK-U.S. SUMMIT,DIPLOMACY,0.9,period3
KIM YONG CHOL,CHOSUN ILBO,NEUTRAL,0.8,period3
KIM YONG CHOL,JAGANG PROVINCE,HUMANITARIAN,0.85,period3
KIM JONG UN,WORKERS' PARTY OF KOREA,NEUTRAL,0.9,period3
FAILED DPRK-U.S. SUMMIT,KIM HYOK CHOL,DIPLOMACY,0.85,period3
CHOSUN ILBO,MEDIA,NEUTRAL,0.8,period3
KIM HYOK CHOL,EXECUTION,HUMANITARIAN,0.8,period3
PURGE,NORTH KOREA,NEUTRAL,0.8,period3
KIM JONG UN,KIM SONG HYE,DIPLOMACY,0.8,period3
KIM YO JONG,KIM SONG HYE,DIPLOMACY,0.95,period3
KIM SONG HYE,HANOI SUMMIT,DIPLOMACY,0.8,period3
KIM SONG HYE,PURGE,THREAT,0.8,period3
HANOI SUMMIT,DENUCLEARIZATION,DIPLOMACY,0.95,period3
DONALD TRUMP,U.N. SECURITY COUNCIL,THREAT,0.8,period3
KIM JONG UN,KOREAN PENINSULA,NEUTRAL,0.8,period3
KOREAN PENINSULA,SOUTH KOREA,NEUTRAL,0.9,period3
KOREAN PENINSULA,U.N. SECURITY COUNCIL,THREAT,0.8,period3
WINTER OLYMPICS,KIM YO JONG,DIPLOMACY,0.9,period3
U.N. SECURITY COUNCIL,MISSILE TESTS,THREAT,0.85,period3
MISSILE TESTS,NORTH KOREA,THREAT,0.9,period3
SHINZO ABE,NORTH KOREA,THREAT,0.8,period3
SHINZO ABE,U.N. SECURITY COUNCIL,NEUTRAL,0.85,period3
U.N. SECURITY COUNCIL,BOLTON,NEUTRAL,0.8,period3
NORTH KOREA,SEX TRAFFICKING,HUMANITARIAN,0.95,period3
NORTH KOREA,CYBERSEX DENS,HUMANITARIAN,0.9,period3
NORTH KOREA,TRAFFICKING,HUMANITARIAN,0.95,period3
NORTH KOREA,KOREA FUTURE INITIATIVE,HUMANITARIAN,0.95,period3
NORTH KOREA,POLAND,ECONOMIC,0.9,period3
NORTH KOREA,SEX SLAVERY,HUMANITARIAN,0.95,period3
NORTH KOREA,PODCAST,HUMANITARIAN,0.9,period3
CHINA,SEX TRAFFICKING,HUMANITARIAN,0.9,period3
JOE BIDEN,KIM JONG UN,THREAT,0.8,period3
DONALD TRUMP,KIM JONG-UN,DIPLOMACY,0.9,period3
DONALD TRUMP,JOHN BOLTON,DIPLOMACY,0.8,period3
DONALD TRUMP,DMZ,DIPLOMACY,0.95,period3
KIM JONG-UN,JOHN BOLTON,THREAT,0.9,period3
TRAFFICKING,SEX SLAVERY,HUMANITARIAN,0.9,period3
NORTH KOREA,USA,DIPLOMACY,0.7,period3
NORTH KOREA,KOREAN ARMISTICE,NEUTRAL,0.9,period3
NORTH KOREA,DMZ JOINT LIAISON OFFICE,DIPLOMACY,0.9,period3
NORTH KOREA,HYDROGEN BOMB,THREAT,0.9,period3
SOUTH KOREA,KOREAN ARMISTICE,DIPLOMACY,0.8,period3
SOUTH KOREA,DMZ JOINT LIAISON OFFICE,DIPLOMACY,0.9,period3
KIM JONG UN,KIM-XI SUMMIT,DIPLOMACY,0.85,period3
DPRK,USA,ECONOMIC,0.9,period3
DPRK,LIAISON OFFICE,ECONOMIC,0.85,period3
DPRK,CHINA,DIPLOMACY,0.85,period3
USA,SANCTIONS,ECONOMIC,0.9,period3
USA,IRAN,THREAT,0.9,period3
TRUMP,KIM,DIPLOMACY,0.9,period3
TRUMP,HANOI,DIPLOMACY,0.9,period3
KIM,HANOI,DIPLOMACY,0.8,period3
LIAISON OFFICE,MOON JAE-IN,DIPLOMACY,0.9,period3
IRAN,ISRAEL,THREAT,0.95,period3
IRAN,TURKEY,DIPLOMACY,0.85,period3
IRAN,SAUDI ARABIA,THREAT,0.9,period3
US,SOUTH KOREA,THREAT,0.9,period3
US,DENUCLEARIZATION,DIPLOMACY,0.95,period3
ISRAEL,IRAN,THREAT,0.95,period3
IRAN,HEZBOLLAH,THREAT,0.85,period3
KIM,NORTH KOREA,THREAT,0.9,period3
KIM,DENUCLEARIZATION,THREAT,0.9,period3
CIA,CHEOLLIMA CIVIL DEFENSE,HUMANITARIAN,0.85,period3
ANDREI LANKOV,NORTH KOREAN EMBASSY,NEUTRAL,0.9,period3
NORTH KOREAN EMBASSY,CIA,THREAT,0.85,period3
NORTH KOREAN EMBASSY,SPAIN,NEUTRAL,0.9,period3
CIA,CNI,NEUTRAL,0.8,period3
CIA,HANOI MEETING,NEUTRAL,0.8,period3
NUCLEAR WEAPONS,NORTH KOREA,THREAT,0.9,period3
NORTH KOREA,PIPELINE,ECONOMIC,0.95,period3
NORTH KOREA,NORTH KOREAN NUKES,THREAT,0.9,period3
NORTH KOREA,KOREAN RIGHT-WING ELDERLY,NEUTRAL,0.8,period3
SOUTH KOREA,UNITED STATES,THREAT,0.8,period3
SOUTH KOREA,RUSSIA,DIPLOMACY,0.85,period3
SOUTH KOREA,KOREAN LIBERALS,HUMANITARIAN,0.8,period3
UNITED STATES,CHINA,NEUTRAL,0.8,period3
RUSSIA,PIPELINE,ECONOMIC,0.9,period3
TRUMP'S ADMINISTRATION,HANOI SUMMIT,DIPLOMACY,0.9,period3
NORTH KOREA,US-KOR ALLIANCE,THREAT,0.9,period3
NORTH KOREA,BIOLOGICAL AND CHEMICAL WEAPONS,THREAT,0.9,period3
NORTH KOREA,TAEDONG RIVER,THREAT,0.9,period3
NORTH KOREA,YALU RIVER,THREAT,0.85,period3
NORTH KOREA,TUMEN RIVER,NEUTRAL,0.8,period3
SOUTH KOREA,US-KOR ALLIANCE,THREAT,0.9,period3
CHINA,RUSSIA,NEUTRAL,0.8,period3
CHINA,NIXON,DIPLOMACY,0.85,period3
RUSSIA,NORTH KOREA,DIPLOMACY,0.8,period3
NORTH KOREA,CHEMICAL WEAPONS,THREAT,0.9,period3
NORTH KOREA,BIOLOGICAL WEAPONS,THREAT,0.9,period3
SOUTH KOREA,US,THREAT,0.9,period3
SOUTH KOREA,COLD WAR,THREAT,0.9,period3
NORTH KOREA,THAAD,THREAT,0.9,period3
CHINA,KIM-XI SUMMIT,DIPLOMACY,0.8,period3
MIKE POMPEO,DENUCLEARIZATION,DIPLOMACY,0.9,period3
MIKE POMPEO,BOLTON,DIPLOMACY,0.8,period3
NORTH KOREA,PENTAGON,THREAT,0.95,period3
NORTH KOREA,NORTH-SOUTH KOREA SUMMIT,DIPLOMACY,0.9,period3
KIM JONG UN,DPRK,THREAT,0.9,period3
KIM JONG UN,KIM JONG UN'S LETTER,DIPLOMACY,0.9,period3
KIM JONG UN,EXECUTIONS,THREAT,0.85,period3
UNITED STATES,TRUMP,DIPLOMACY,0.9,period3
PENTAGON,MISSILE TEST,THREAT,0.85,period3
PENTAGON,NUCLEAR TEST,THREAT,0.85,period3
TRUMP,SARAH SANDERS,NEUTRAL,0.8,period3
TRUMP,NORTH KOREA SANCTIONS,ECONOMIC,0.9,period3
KIM JONG UN,OTTO WARMBIER,HUMANITARIAN,0.95,period3
TRUMP-KIM SUMMIT,NORTH KOREA DOCUMENTARY,DIPLOMACY,0.8,period3
OTTO WARMBIER,KIM JONG UN,HUMANITARIAN,0.9,period3
KIM JONG UN,NORTH KOREA EXECUTION,THREAT,0.8,period3
KIM JONG UN,LONG RANGE MISSILE SITE,THREAT,0.9,period3
HANOI SUMMIT,DONALD TRUMP,DIPLOMACY,0.9,period3
DENUCLEARIZATION,BOLTON,DIPLOMACY,0.8,period3
NORTH KOREA,POMPEO,DIPLOMACY,0.9,period3
TRUMP,POMPEO,DIPLOMACY,0.95,period3
TRUMP,EDWARD SNOWDEN,NEUTRAL,0.8,period3
TRUMP,TREASON,THREAT,0.85,period3
DONALD TRUMP,U.S. TREASURY DEPARTMENT,ECONOMIC,0.8,period3
DONALD TRUMP,SARAH SANDERS,NEUTRAL,0.9,period3
NORTH KOREA,U.S. TREASURY DEPARTMENT,ECONOMIC,0.9,period3
NORTH KOREA,UN SECURITY COUNCIL,ECONOMIC,0.8,period3
U.S. TREASURY DEPARTMENT,SANCTIONS,ECONOMIC,0.9,period3
NORTH KOREA,ABE SHINZO,THREAT,0.9,period3
NORTH KOREA,BIDEN,DIPLOMACY,0.85,period3
NORTH KOREA,DIPLOMATIC NEGOTIATIONS,DIPLOMACY,0.95,period3
NORTH KOREA,MISSILE LAUNCHES,THREAT,0.9,period3
U.S.,TRUMP,NEUTRAL,0.9,period3
TRUMP,OTTO WARMBIER,DIPLOMACY,0.85,period3
TRUMP,DEMOCRATS,DIPLOMACY,0.7,period3
NORTH KOREA,MISSILE LAUNCH SITE,THREAT,0.9,period3
NORTH KOREA,HOPLIGHT MALWARE,THREAT,0.9,period3
NORTH KOREA,VIETNAM SUMMIT,DIPLOMACY,0.9,period3
NORTH KOREA,UN,DIPLOMACY,0.8,period3
OTTO WARMBIER,US,HUMANITARIAN,0.85,period3
LIBERTY IN NORTH KOREA,NORTH KOREA,HUMANITARIAN,0.9,period3
NORTH KOREA,CYBERSEX SLAVES,HUMANITARIAN,0.95,period3
NORTH KOREA,UNDERGROUND RAILROAD,HUMANITARIAN,0.9,period3
NORTH KOREA,CHINESE GOVERNMENT,HUMANITARIAN,0.9,period3
KIM JONG-NAM,KIM JONG UN,THREAT,0.9,period3
KIM YONG CHOL,PURGE REPORT,NEUTRAL,0.8,period3
KIM YONG CHOL,KIM HYOK CHOL,NEUTRAL,0.9,period3
KIM JONG UN,NORTH KOREAN WOMEN,HUMANITARIAN,0.95,period3
NORTH KOREA,U.S. NEGOTIATIONS,DIPLOMACY,0.9,period3
NORTH KOREA,NORTH KOREAN WOMEN,HUMANITARIAN,0.95,period3
NORTH KOREA,NORTH KOREAN WOMEN 'FORCED INTO SEX SLAVERY',HUMANITARIAN,0.95,period3
NORTH KOREA,NORTH KOREAN CARGO SHIP,ECONOMIC,0.85,period3
NORTH KOREA,KIM JONG UN ORDERS EXECUTIONS,HUMANITARIAN,0.85,period3
NORTH KOREA,U.S. SEIZES NORTH KOREAN CARGO SHIP,ECONOMIC,0.9,period3
U.S. NEGOTIATIONS,NORTH KOREAN CARGO SHIP,DIPLOMACY,0.8,period3
NORTH KOREA,M/V WISE HONEST,ECONOMIC,0.9,period3
US,M/V WISE HONEST,ECONOMIC,0.9,period3
US,NORTH KOREAN COAL SHIP,ECONOMIC,0.9,period3
US,NORTH KOREAN CARGO SHIP,ECONOMIC,0.9,period3
NORTH KOREA,INDONESIA,NEUTRAL,0.8,period3
KIM JONG UN,KREMLIN,DIPLOMACY,0.95,period3
U.S.,NORTH KOREAN COAL SHIP,ECONOMIC,0.9,period3
CIA,NORTH KOREAN EMBASSY IN MADRID,THREAT,0.8,period3
FREE JOSEON,NORTH KOREAN EMBASSY IN MADRID,THREAT,0.85,period3
ANTI-MALARIA DRUG,NORTH KOREAN FIRM,NEUTRAL,0.9,period3
NORTH KOREAN EMBASSY,MADRID,DIPLOMACY,0.9,period3
CIA,KIM JONG UN,THREAT,0.95,period3
CIA,KIM JONG NAM,NEUTRAL,0.8,period3
CIA,NORTH KOREAN ROCKET PRODUCTION FACILITY,THREAT,0.85,period3
CIA,MISSILE SITE,THREAT,0.9,period3
CIA,NORTH KOREAN BANK HACKING,NEUTRAL,0.8,period3
KIM JONG UN,US,DIPLOMACY,0.8,period3
KIM JONG NAM,KIM JONG NAM MURDER,HUMANITARIAN,0.85,period3
INDONESIAN SUSPECT,MALAYSIAN PROSECUTORS,NEUTRAL,0.9,period3
IVANKA TRUMP,JARED KUSHNER,NEUTRAL,1.0,period3
DONALD TRUMP,UNITED STATES,DIPLOMACY,0.85,period3
DONALD TRUMP,G20,ECONOMIC,0.9,period3
KIM JONG-UN,DMZ,DIPLOMACY,0.95,period3
KIM JONG-UN,DPRK,NEUTRAL,0.9,period3
MIKE POMPEO,KCNA,NEUTRAL,0.9,period3
DONALD TRUMP,CIA,DIPLOMACY,0.7,period3
DONALD TRUMP,IMPEACHMENT,NEUTRAL,0.8,period3
DONALD TRUMP,AUTHORITARIAN LEADERS,DIPLOMACY,0.7,period3
KIM JONG-UN,HUMAN RIGHTS ABUSES,HUMANITARIAN,0.9,period3
KIM JONG-UN,US INTELLIGENCE AGENCIES,THREAT,0.85,period3
TRUMP,UNITED STATES,NEUTRAL,0.9,period3
TRUMP,MEET THE PRESS,NEUTRAL,0.8,period3
TREASON,U.S. CONSTITUTION,NEUTRAL,1.0,period3
JOE BIDEN,DONALD TRUMP,NEUTRAL,0.9,period3
DONALD TRUMP,PUTIN,DIPLOMACY,0.9,period3
DONALD TRUMP,TREASON,NEUTRAL,0.8,period3
DONALD TRUMP,IVANKA TRUMP,DIPLOMACY,0.85,period3
DONALD TRUMP,TRUMP ADMINISTRATION,NEUTRAL,0.9,period3
TRUMP,SOUTH KOREA,THREAT,0.85,period3
TRUMP,SANCTIONS,ECONOMIC,0.85,period3
TRUMP,GOP,NEUTRAL,0.8,period3
TRUMP,WAR,THREAT,0.8,period3
KIM JONG-UN,WAR,THREAT,0.9,period3
HEALTHCARE,GOP,NEUTRAL,0.9,period3
KIM JONG-UN,ANTI-AIRCRAFT CANNON,THREAT,0.9,period3
DONALD TRUMP,MOON JAE-IN,DIPLOMACY,0.95,period3
DONALD TRUMP,TRUMP CULT,NEUTRAL,0.9,period3
NORTH KOREA,JIMMY CARTER,DIPLOMACY,0.95,period3
KIM JONG-UN,JIMMY CARTER,DIPLOMACY,0.9,period3
KIM JONG-UN,MIKE POMPEO,DIPLOMACY,0.9,period3
DONALD TRUMP,OTTO WARMBIER,HUMANITARIAN,0.9,period3
TRUMP,PUERTO RICO,NEUTRAL,0.85,period3
TRUMP,RUSSIAN FOREIGN SECRETARY,NEUTRAL,0.85,period3
KIM JONG-UN,GENOCIDE POLICY,HUMANITARIAN,0.9,period3
PUERTO RICO,TRUMP ADMINISTRATION,NEUTRAL,0.8,period3
PUERTO RICO,HURRICANE,HUMANITARIAN,0.9,period3
NORTH KOREA,GENOCIDE,HUMANITARIAN,0.9,period3
SOUTH KOREA,WAR GAMES,THREAT,0.9,period3
KIM JONG-UN,TRIAL,NEUTRAL,0.8,period3
KHIZR KHAN,OTTO WARMBIER,HUMANITARIAN,0.85,period3
OTTO WARMBIER,NORTH KOREA,HUMANITARIAN,0.9,period3
OTTO WARMBIER,DONALD TRUMP,HUMANITARIAN,0.8,period3
DONALD TRUMP,MISSILE TESTS,THREAT,0.8,period3
NORTH KOREA,LAWSUIT,HUMANITARIAN,0.9,period3
JAPAN,SOUTH KOREA,THREAT,0.9,period3
JAPAN,U.S. MILITARY PERSONNEL,THREAT,0.9,period3
U.S. MILITARY PERSONNEL,SOUTH KOREA,THREAT,0.9,period3
NORTH KOREA,BALLISTIC MISSILE,THREAT,0.9,period3
TRUMP,USA,NEUTRAL,0.8,period3
USA,JAPAN,THREAT,0.95,period3
DONALD TRUMP,HANOI TALKS,DIPLOMACY,0.9,period3
NORTH KOREA,NUCLEAR STRIKE,THREAT,0.9,period3
KIM JONG UN,HANOI TALKS,DIPLOMACY,0.9,period3
TRUMP,PRESIDENT MOON,DIPLOMACY,0.9,period3
DONALD TRUMP,SECRET SERVICE,NEUTRAL,0.9,period3
DONALD TRUMP,ADDERALL,NEUTRAL,0.9,period3
KIM JONG UN,PROPAGANDA,NEUTRAL,0.8,period3
TRUMP,G20,DIPLOMACY,0.8,period3
TRUMP,SECRET SERVICE,NEUTRAL,0.9,period3
TRUMP,MUELLER,NEUTRAL,0.9,period3
TRUMP,TAXPAYER MONEY,DIPLOMACY,0.8,period3
SOUTH KOREA,SEOUL,NEUTRAL,0.9,period3
TRUMP,LETTERS,DIPLOMACY,0.9,period3
TRUMP,XI,DIPLOMACY,0.9,period3
KIM JONG UN,LETTERS,DIPLOMACY,0.95,period3
KIM JONG UN,XI,NEUTRAL,0.8,period3
TRUMP,TIME,NEUTRAL,0.9,period3
NORTH KOREA,WW3,THREAT,0.9,period3
DONALD TRUMP,TIME MAGAZINE,NEUTRAL,0.8,period3
DONALD TRUMP,US CONSTITUTION,NEUTRAL,0.9,period3
DONALD TRUMP,SECTION II,NEUTRAL,0.9,period3
DONALD TRUMP,XI JINPING,DIPLOMACY,0.9,period3
KIM JONG UN,TIME MAGAZINE,DIPLOMACY,0.95,period3
TEXAS,KIM OLSON,NEUTRAL,0.9,period3
TEXAS,MJ HEGAR,NEUTRAL,0.9,period3
KIM OLSON,AIR FORCE,NEUTRAL,0.9,period3
KIM OLSON,BETO O'ROURKE,NEUTRAL,0.9,period3
MJ HEGAR,AIR FORCE,NEUTRAL,0.8,period3
XI JINPING,HONG KONG,NEUTRAL,0.8,period3
KIM JONG UN,TRUMP ADMINISTRATION,DIPLOMACY,0.95,period3
DONALD TRUMP,KIM KARDASHIAN WEST,NEUTRAL,0.9,period3
CRIMINAL JUSTICE REFORM,KIM KARDASHIAN WEST,NEUTRAL,0.8,period3
KIM KARDASHIAN,WHITE HOUSE,HUMANITARIAN,0.9,period3
KIM KARDASHIAN,DONALD TRUMP,NEUTRAL,0.9,period3
DONALD TRUMP,WHITE HOUSE,NEUTRAL,0.9,period3
DONALD TRUMP,CENTRAL PARK 5,NEUTRAL,0.8,period3
DONALD TRUMP,EVENT ON HIRING OF RELEASED PRISONERS,NEUTRAL,0.9,period3
EVENT ON HIRING OF RELEASED PRISONERS,KIM KARDASHIAN WEST,NEUTRAL,0.9,period3
TRUMP,SATER,NEUTRAL,0.8,period3
KIM JONG UN,ASSASSINATION OF KIM JONG-NAM,THREAT,0.9,period3
GATES,MANAFORT,NEUTRAL,0.9,period3
GATES,PAPADAPOULOS,NEUTRAL,0.9,period3
GATES,COHEN,NEUTRAL,0.9,period3
PAPADAPOULOS,MANAFORT,NEUTRAL,0.9,period3
PAPADAPOULOS,COHEN,NEUTRAL,0.9,period3
COHEN,MANAFORT,NEUTRAL,0.9,period3
TRUMP,MAGACROWD,NEUTRAL,0.9,period3
TRUMP,PATRIOTS,NEUTRAL,0.9,period3
CIA,INFORMANT,NEUTRAL,0.9,period3
CIA,INTELLIGENCE,NEUTRAL,0.9,period3
CIA,NATIONAL SECURITY,NEUTRAL,0.9,period3
DONALD TRUMP,IRELAND,DIPLOMACY,0.8,period3
TRUMP,PETE BUTTIGIEG,DIPLOMACY,0.8,period3
TRUMP,US POLITICS,NEUTRAL,0.8,period3
TRUMP,KHASHOGGI,HUMANITARIAN,0.9,period3
TRUMP,SAUDI ARABIA,HUMANITARIAN,0.9,period3
PETE BUTTIGIEG,US POLITICS,NEUTRAL,0.9,period3
KIM JONG UN,PURGE,THREAT,0.8,period3
KIM HYOK CHOL,HANOI SUMMIT,DIPLOMACY,0.9,period3
KIM HYOK CHOL,FIRING SQUAD,THREAT,0.85,period3
KIM YONG CHOL,HANOI SUMMIT,DIPLOMACY,0.9,period3
NORTH KOREA,EXECUTION,DIPLOMACY,0.85,period3
DONALD TRUMP,EXECUTION,DIPLOMACY,0.8,period3
DONALD TRUMP,FAMILY SEPARATION POLICY,HUMANITARIAN,0.9,period3
DONALD TRUMP,POMPEO,DIPLOMACY,0.8,period3
DONALD TRUMP,NOBEL PRIZE,DIPLOMACY,0.9,period3
KIM JONG UN,EXECUTION,DIPLOMACY,0.8,period3
JAPAN,MISSILE TESTS,THREAT,0.9,period3
NORTH KOREA,KIM TRUMP SUMMIT,DIPLOMACY,0.9,period3
NORTH KOREA,CHOSUN,NEUTRAL,0.8,period3
KIM TRUMP SUMMIT,DONALD TRUMP,DIPLOMACY,0.9,period3
KIM TRUMP SUMMIT,KIM JONG-UN,DIPLOMACY,0.9,period3
NORTH KOREA,PURGE,HUMANITARIAN,0.8,period3
KIM JONG-UN,CHOSUN,NEUTRAL,0.8,period3
KIM YONG-CHOL,HANOI MEETING,DIPLOMACY,0.9,period3
KIM HYOK-CHOL,HANOI MEETING,DIPLOMACY,0.9,period3
POLITICAL PRISON CAMP,KIM SONG HYE,DIPLOMACY,0.85,period3
NORTH KOREA,DJT,NEUTRAL,0.8,period3
TRUMP-KIM SUMMIT,MIKE POMPEO,DIPLOMACY,0.95,period3
TRUMP-KIM SUMMIT,DJT,NEUTRAL,0.8,period3
HILLARY CLINTON,DJT,NEUTRAL,0.9,period3
TRUMP,OVAL OFFICE,NEUTRAL,0.9,period3
TRUMP,SUBSTANCE,NEUTRAL,0.8,period3
KIM JONG UN,STEPHEN BIEGUN,DIPLOMACY,0.9,period3
DONALD TRUMP,SAUDI DESPOTS,NEUTRAL,0.8,period3
SAUDI DESPOTS,KASHOGI,HUMANITARIAN,0.95,period3
STEPHEN BIEGUN,KIM JONG UN,DIPLOMACY,0.9,period3
HANOI SUMMIT,USA,NEUTRAL,0.9,period3
HANOI SUMMIT,BOLTON,DIPLOMACY,0.9,period3
KIM HYOK CHOL,KIM SONG HYE,DIPLOMACY,0.95,period3
HANOI,TRUMP-KIM SUMMIT,NEUTRAL,0.9,period3
TRUMP-KIM SUMMIT,VIPIN NARANG,NEUTRAL,0.9,period3
TRUMP-KIM SUMMIT,ANKIT PANDA,NEUTRAL,0.8,period3
SOHAE SATELLITE LAUNCHING STATION,NORTH KOREA,THREAT,0.9,period3
TRUMP,CHINA,THREAT,0.85,period3
SARAH SANDERS,WHITE HOUSE,NEUTRAL,0.8,period3
NORTH KOREA,DENUCLEARIZATION TALKS,THREAT,0.9,period3
UNITED STATES,DENUCLEARIZATION TALKS,THREAT,0.9,period3
DENUCLEARIZATION TALKS,TRUMP ADMINISTRATION,DIPLOMACY,0.9,period3
TRUMP ADMINISTRATION,LUKE MESSER,DIPLOMACY,0.8,period3
TRUMP ADMINISTRATION,RALPH NORMAN,DIPLOMACY,0.8,period3
TRUMP ADMINISTRATION,MICHAEL BURGESS,DIPLOMACY,0.8,period3
TRUMP ADMINISTRATION,SCOTT DESJARLAIS,DIPLOMACY,0.8,period3
TRUMP ADMINISTRATION,KEVIN CRAMER,DIPLOMACY,0.8,period3
TRUMP ADMINISTRATION,AUMUA AMATA COLEMAN RADEWAGEN,DIPLOMACY,0.8,period3
TRUMP ADMINISTRATION,MARK MEADOWS,DIPLOMACY,0.8,period3
TRUMP ADMINISTRATION,MATT GAETZ,DIPLOMACY,0.8,period3
TRUMP ADMINISTRATION,DOUG LAMALFA,DIPLOMACY,0.8,period3
TRUMP ADMINISTRATION,DAVID MCKINLEY,DIPLOMACY,0.8,period3
TRUMP ADMINISTRATION,BRIAN BABIN,DIPLOMACY,0.8,period3
TRUMP ADMINISTRATION,DIANE BLACK,DIPLOMACY,0.8,period3
TRUMP ADMINISTRATION,STEVE KING,DIPLOMACY,0.8,period3
TRUMP ADMINISTRATION,PETE OLSON,DIPLOMACY,0.8,period3
TRUMP ADMINISTRATION,MARSHA BLACKBURN,DIPLOMACY,0.8,period3
TRUMP ADMINISTRATION,JIM RENACCI,DIPLOMACY,0.8,period3
TRUMP ADMINISTRATION,EVAN JENKINS,DIPLOMACY,0.8,period3
TRUMP ADMINISTRATION,NORTH KOREA,DIPLOMACY,0.85,period3
TRUMP ADMINISTRATION,KIM JONG UN,DIPLOMACY,0.8,period3
TRUMP ADMINISTRATION,STEPHEN BIEGUN,DIPLOMACY,0.9,period3
TRUMP ADMINISTRATION,DENUCLEARIZATION,DIPLOMACY,0.8,period3
TRUMP ADMINISTRATION,BOLTON,NEUTRAL,0.9,period3
STEPHEN BIEGUN,CARNEGIE ENDOWMENT FOR INTERNATIONAL PEACE,NEUTRAL,0.8,period3
BOLTON,SANCTIONS,ECONOMIC,0.9,period3
US,BOLTON,ECONOMIC,0.9,period3
US,POMPEO,DIPLOMACY,0.95,period3
BOLTON,TRUMP,DIPLOMACY,0.7,period3
KIM,TRUMP,DIPLOMACY,0.85,period3
NORTH KOREA,XI,NEUTRAL,0.8,period3
TRUMP,MEMORIAL DAY,NEUTRAL,0.85,period3
TRUMP,TRADE,ECONOMIC,0.9,period3
NORTH KOREA,DISARMAMENT,THREAT,0.9,period3
RUSSIA,SANCTIONS,DIPLOMACY,0.8,period3
SANCTIONS,CHINA,ECONOMIC,0.85,period3
TRUMP,MUELLER REPORT,NEUTRAL,0.85,period3
TRUMP,DPRK,DIPLOMACY,0.8,period3
NORTH KOREA,DENUCLEARISATION,THREAT,0.9,period3
NORTH KOREA,US-SOUTH KOREAN MILITARY EXERCISES,THREAT,0.85,period3
MIKE POMPEO,KIM JONG-UN,DIPLOMACY,0.8,period3
MIKE POMPEO,STATE DEPARTMENT,DIPLOMACY,0.9,period3
STATE DEPARTMENT,RUSSIAN OFFICIALS,DIPLOMACY,0.9,period3
MIKE POMPEO,CIA,NEUTRAL,0.9,period3
TRUMP,MOON JAE-IN,DIPLOMACY,0.9,period3
TRUMP,ART OF THE DEAL,DIPLOMACY,0.85,period3
TRUMP,US-NORTH KOREA TALKS,DIPLOMACY,0.9,period3
MOON JAE-IN,NORTH KOREA,DIPLOMACY,0.9,period3
MOON JAE-IN,US-NORTH KOREA TALKS,DIPLOMACY,0.9,period3
NORTH KOREA,NUCLEAR FOOTBALL,THREAT,0.9,period3
RUSSIA,NORAD,THREAT,0.9,period3
RUSSIA,WADS,THREAT,0.95,period3
TRUMP,KATRINA,NEUTRAL,0.8,period3
TRUMP,2020 ELECTION,NEUTRAL,0.9,period3
BOLTON,POMPEO,NEUTRAL,0.9,period3
NORTH KOREA,MISSILE LAUNCH MORATORIUM,THREAT,0.85,period3
NORTH KOREA,DEFENSE STOCKS,ECONOMIC,0.8,period3
NORTH KOREA,OBAMA,DIPLOMACY,0.9,period3
NORTH KOREA,FIRE AND FURY,THREAT,0.9,period3
DONALD TRUMP,DENUCLEARIZATION,DIPLOMACY,0.9,period3
DENUCLEARIZATION,U.S.,DIPLOMACY,0.9,period3
SENATE INTELLIGENCE COMMITTEE,DAN COATS,THREAT,0.9,period3
VIPIN NARANG,TRUMP ADMINISTRATION,DIPLOMACY,0.9,period3
TRUMP ADMINISTRATION,COHEN TESTIMONY,NEUTRAL,0.8,period3
TRUMP ADMINISTRATION,HANOI SUMMIT,DIPLOMACY,0.8,period3
NORTH KOREA,PACIFIC OCEAN,THREAT,0.85,period3
DONALD TRUMP,DENUCLEARIZATION TALKS,DIPLOMACY,0.9,period3
THE WASHINGTON TIMES,HSA-UWC,NEUTRAL,0.9,period3
NORTH KOREA SUMMIT,DENUCLEARIZATION TALKS,DIPLOMACY,0.9,period3
TRUMP,SINGAPORE SUMMIT,DIPLOMACY,0.8,period3
TRUMP,KLOBUCHAR,DIPLOMACY,0.8,period3
TRUMP,NOBEL PRIZE,DIPLOMACY,0.9,period3
NORTH KOREA,OBAMA ADMINISTRATION,DIPLOMACY,0.95,period3
NORTH KOREA,WARMBIER,HUMANITARIAN,0.95,period3
TRUMP,ISIS,NEUTRAL,0.8,period3
TRUMP,JOINT EXERCISE,DIPLOMACY,0.9,period3
NUCLEAR WEAPONS,KIM JONG UN,THREAT,0.9,period3
DONALD TRUMP,STEPHEN BIEGUN,NEUTRAL,0.9,period3
NORTH KOREA,OTTO WARMBIER BANKING RESTRICTIONS INVOLVING NORTH KOREA ACT,ECONOMIC,0.9,period3
NORTH KOREA,CIA,THREAT,0.95,period3
NORTH KOREA,STATE DEPARTMENT,NEUTRAL,0.8,period3
NORTH KOREA,DEFENSE DEPARTMENT,THREAT,0.9,period3
CHINA,SECONDARY SANCTIONS,ECONOMIC,0.9,period3
NORTH KOREA,BALLISTIC MISSILES,THREAT,0.95,period3
TRUMP,SPECIAL OLYMPICS,NEUTRAL,0.8,period3
DONALD TRUMP,RUSSIAN INTELLIGENCE STATE,NEUTRAL,0.8,period3
DONALD TRUMP,MAR-A-LAGO,NEUTRAL,0.8,period3
RUSSIAN INTELLIGENCE STATE,INTERNET RESEARCH AGENCY,NEUTRAL,0.8,period3
SANCTIONS,U.S. TREASURY,ECONOMIC,0.9,period3
TRUMP,JOHN BRENNAN,ECONOMIC,0.8,period3
TRUMP,CAPITALISM,ECONOMIC,0.9,period3
BILL CLINTON,HILARY CLINTON,NEUTRAL,1.0,period3
BILL CLINTON,CHELSEA CLINTON,NEUTRAL,1.0,period3
CHELSEA CLINTON,HILARY CLINTON,NEUTRAL,1.0,period3
TRUMP,CHINESE FIRMS,ECONOMIC,0.9,period3
TRUMP,EXECUTIVE TWEET,ECONOMIC,0.8,period3
TRUMP,CANADA,NEUTRAL,0.8,period3
TRUMP,NATO,NEUTRAL,0.8,period3
DONALD TRUMP,TREASURY DEPARTMENT,ECONOMIC,0.85,period3
NORTH KOREA,TREASURY DEPARTMENT,ECONOMIC,0.9,period3
TREASURY DEPARTMENT,CHINESE SHIPPERS,ECONOMIC,0.9,period3
TRUMP,TREASURY DEPARTMENT,ECONOMIC,0.85,period3
TRUMP,CONGRESS,NEUTRAL,0.8,period3
TRUMP,SYRIA,DIPLOMACY,0.8,period3
DJT,KIM JONG UN,DIPLOMACY,0.8,period3
TRUMP,US TREASURY,NEUTRAL,0.9,period3
HITLER,STALIN,NEUTRAL,0.9,period3
KIM,OTTO WARMBIER,HUMANITARIAN,0.95,period3
NORTH KOREA,CHINESE COMPANIES,ECONOMIC,0.9,period3
NORTH KOREA,MILITARY HARDWARE,THREAT,0.85,period3
US,DONALD TRUMP,DIPLOMACY,0.9,period3
US,CHINA,DIPLOMACY,0.9,period3
NORTH KOREA,BRINK ACT,THREAT,0.8,period3
OTTO WARMBIER,PAT TOOMEY,HUMANITARIAN,0.85,period3
OTTO WARMBIER,CHRIS VAN HOLLEN,HUMANITARIAN,0.85,period3
PAT TOOMEY,BRINK ACT,ECONOMIC,0.9,period3
CHRIS VAN HOLLEN,BRINK ACT,ECONOMIC,0.9,period3
TROLL ACCUSATIONS,PERMANENT BAN,NEUTRAL,0.9,period3
PERMANENT BAN,HATE SPEECH,NEUTRAL,0.9,period3
TRUMP,DIPLOMACY,DIPLOMACY,0.95,period3
TRUMP,WARMBIER,HUMANITARIAN,0.85,period3
KIM JONG-UN,DIPLOMACY,DIPLOMACY,0.9,period3
NORTH KOREA,DIPLOMACY,DIPLOMACY,0.9,period3
IRAN,BOLTON,THREAT,0.85,period3
NORTH KOREA,RODONG MISSILES,THREAT,0.9,period3
NORTH KOREA,CENTER FOR STRATEGIC AND INTERNATIONAL STUDIES,THREAT,0.9,period3
SOUTH KOREA,STEPHEN BIEGUN,DIPLOMACY,0.9,period3
RODONG MISSILES,SINO-RI MISSILE OPERATING BASE,THREAT,0.9,period3
SOUTH KOREA,TRUMP,DIPLOMACY,0.8,period3
DONALD TRUMP,ABE,THREAT,0.9,period3
DONALD TRUMP,CHINA,NEUTRAL,0.8,period3
NORTH KOREA,CUBAN MISSILE CRISIS,THREAT,0.85,period3
NORTH KOREA,SECOND TRUMP-KIM SUMMIT,THREAT,0.85,period3
HANOI SUMMIT,KIM JONG UN,DIPLOMACY,0.8,period3
DEFENSE POW/MIA ACCOUNTING AGENCY,TRUMP,NEUTRAL,0.9,period3
DEFENSE POW/MIA ACCOUNTING AGENCY,NORTH KOREA,NEUTRAL,0.85,period3
NORTH KOREA,BELT AND ROAD INITIATIVE,ECONOMIC,0.85,period3
TRUMP,JAPANESE PRIME MINISTER,NEUTRAL,0.9,period3
TRUMP,POLISH PRESIDENT,DIPLOMACY,0.9,period3
XI JINPING,TRUMP,DIPLOMACY,0.9,period3
NORTH KOREA,HILLARY,DIPLOMACY,0.9,period3
DONALD TRUMP,U.S. CONSTITUTION,THREAT,0.8,period3
DONALD TRUMP,STATE OF THE UNION,NEUTRAL,0.8,period3
DONALD TRUMP,LATVIAN BANKER,NEUTRAL,0.9,period3
NORTH KOREA,TRUMP DOCTRINE,DIPLOMACY,0.8,period3
DONALD TRUMP,ABE SHINZO,THREAT,0.8,period3
DONALD TRUMP,JIM ACOSTA,NEUTRAL,0.9,period3
DONALD TRUMP,MUELLER,NEUTRAL,0.9,period3
DONALD TRUMP,RBG,NEUTRAL,0.9,period3
DONALD TRUMP,AMASH,NEUTRAL,0.9,period3
DONALD TRUMP,9TH CIRCUIT,NEUTRAL,0.9,period3
DONALD TRUMP,ILLEGAL IMMIGRANTS,NEUTRAL,0.8,period3
NORTH KOREA,SHANAHAN,THREAT,0.85,period3
NORTH KOREA,U.N. SECURITY COUNCIL RESOLUTIONS,THREAT,0.9,period3
TRUMP,USS MCCAIN,NEUTRAL,0.9,period3
TRUMP,BIDEN,DIPLOMACY,0.85,period3
TRUMP,SHELDON ADELSON,NEUTRAL,0.9,period3
NORTH KOREA,SEA OF JAPAN,THREAT,0.95,period3
ABE,JAPAN,NEUTRAL,0.8,period3
UN,MISSILE TESTS,ECONOMIC,0.85,period3
TRUMP,OBAMA,DIPLOMACY,0.8,period3
TRUMP,TRADE GAP,ECONOMIC,0.9,period3
TRUMP,US GOVERNMENT,NEUTRAL,0.9,period3
TRUMP,BRETT KAVANAUGH,NEUTRAL,0.9,period3
TRUMP,TRUMPISM,NEUTRAL,0.9,period3
TRUMP,DJT,NEUTRAL,1.0,period3
TRUMP,CONSPIRACY THINKING,NEUTRAL,0.85,period3
TRUMP,SURRENDER,DIPLOMACY,0.8,period3
NORTH KOREA,ICBMS,THREAT,0.95,period3
TRUMP,POLICY,DIPLOMACY,0.8,period3
TRUMP,MISSILE TESTS,DIPLOMACY,0.8,period3
NORTH KOREA,MISSILES,THREAT,0.9,period3
NORTH KOREA,JOE BIDEN,THREAT,0.9,period3
NORTH KOREA,GOP,THREAT,0.8,period3
JOE BIDEN,MISSILE TESTS,THREAT,0.9,period3
HUAWEI,XIAOMI,NEUTRAL,0.9,period3
GOP,SENATOR,NEUTRAL,0.9,period3
NORTH KOREA,WEAPONS,THREAT,0.9,period3
KIM,JOE BIDEN,THREAT,0.8,period3
JOE BIDEN,TRUMP,DIPLOMACY,0.9,period3
TRUMP,HIBACHI DINNER,DIPLOMACY,0.9,period3
SAUDI ARABIA,KHASHOGGI,HUMANITARIAN,0.9,period3
TRUMP,FIRE AND FURY,THREAT,0.9,period3
TRUMP,NATIONAL SECURITY,THREAT,0.8,period3
KIM JONG UN,JOE BIDEN,THREAT,0.9,period3
NORTH KOREA,MILITARY EXERCISES,THREAT,0.9,period3
NORTH KOREA,TRUMP FOREIGN POLICY,DIPLOMACY,0.9,period3
IRAN,CHINA,DIPLOMACY,0.9,period3
IRAN,U.S.,ECONOMIC,0.85,period3
IRAN,TRUMP FOREIGN POLICY,THREAT,0.8,period3
KIM JONG UN,US NUCLEAR DEAL,THREAT,0.8,period3
US,KIM HYOK CHOL,DIPLOMACY,0.9,period3
DEFENSE CHIEF,CHINA,THREAT,0.8,period3
KIM JONG UN,FAILED SUMMIT,NEUTRAL,0.8,period3
KIM JONG UN,CNN,NEUTRAL,0.85,period3
NORTH KOREA,FAILED SUMMIT,DIPLOMACY,0.85,period3
CNN,JOE BIDEN,NEUTRAL,0.8,period3
NORTH KOREA,PUEBLO,NEUTRAL,0.8,period3
US,UN,NEUTRAL,0.9,period3
NORTH KOREA,HOSPITAL BILLS,ECONOMIC,0.8,period3
US,KIM,THREAT,0.8,period3
US TESTS LONG-RANGE MISSILE,NORTH KOREA FIRES 2 SHORT-RANGE MISSILES,THREAT,0.9,period3
NORTH KOREA,HOSTAGES,NEUTRAL,0.8,period3
WHITE HOUSE,TRUMP,NEUTRAL,0.8,period3
WHITE HOUSE,MBS,NEUTRAL,0.8,period3
TRUMP,WARMBIER PLEDGE,DIPLOMACY,0.9,period3
TRUMP,EXECUTIVE PRIVILEGE,NEUTRAL,0.8,period3
HOSTAGES,US,DIPLOMACY,0.9,period3
NORTH KOREA,WARMBIER PLEDGE,NEUTRAL,0.9,period3
TRUMP,REPUBLICANS,NEUTRAL,0.9,period3
TRUMP,FOX NEWS,NEUTRAL,0.8,period3
NORTH KOREA,BILL,HUMANITARIAN,0.85,period3
HOSPITAL CARE,UNITED STATES,NEUTRAL,0.9,period3
BILL,UNITED STATES,NEUTRAL,0.8,period3
NORTH KOREA,SABER RATTLING,DIPLOMACY,0.85,period3
US,VENEZUELA,DIPLOMACY,0.8,period3
US,IRAN,DIPLOMACY,0.85,period3
KIM JONG UN,US-NORTH KOREA SUMMIT,NEUTRAL,0.9,period3
KIM JONG UN,NORTH KOREAN DISARMAMENT,DIPLOMACY,0.9,period3
NORTH KOREA,SANCTIONS POLICY,ECONOMIC,0.9,period3
MOON JAE IN,SOUTH KOREA,DIPLOMACY,0.8,period3
TRUMP,US-NORTH KOREA SUMMIT,DIPLOMACY,0.9,period3
TRUMP,NORTH KOREAN DISARMAMENT,DIPLOMACY,0.95,period3
SANCTIONS POLICY,FOUNDATION FOR DEFENSE OF DEMOCRACIES,ECONOMIC,0.9,period3
TRUMP,NUCLEAR SUMMIT,DIPLOMACY,0.9,period3
XI JINPING,US,THREAT,0.9,period3
POMPEO,POLICY FOR NORTH KOREA,NEUTRAL,0.8,period3
SOUTH KOREA,ARTILLERY GUNS,THREAT,0.95,period3
NORTH KOREAN LEADER,NORTH KOREAN LEADER'S HALF BROTHER,NEUTRAL,0.8,period3
NORTH KOREAN LEADER,KIM JONG-UN,NEUTRAL,0.9,period3
PRESIDENT TRUMP,NORTH KOREA,DIPLOMACY,0.9,period3
CIA,NORTH KOREAN LEADER'S HALF BROTHER,NEUTRAL,0.9,period3
NORTH KOREAN LEADER'S HALF BROTHER,KIM JONG-UN,NEUTRAL,0.9,period3
NORTH KOREA,NORTH KOREAN DIPLOMAT,DIPLOMACY,0.8,period3
NORTH KOREA,NORTH KOREAN LEADER,NEUTRAL,0.9,period3
TRUMP,NORTH KOREAN MISSILES,NEUTRAL,0.8,period3
HUMAN RIGHTS GROUP,NORTH KOREAN EXECUTION SITES,HUMANITARIAN,0.9,period3
HUMAN RIGHTS GROUP,NORTH KOREAN DIPLOMAT,HUMANITARIAN,0.9,period3
NORTH KOREAN LEADER,CIA,NEUTRAL,0.85,period3
NORTH KOREA,U.N. RESOLUTION,ECONOMIC,0.8,period3
NORTH KOREA,NORTH KOREAN MISSILE LAUNCHES,THREAT,0.9,period3
TRUMP ADMINISTRATION,MISSILE TESTS,DIPLOMACY,0.85,period3
TRUMP ADMINISTRATION,SAUDI ARABIA,HUMANITARIAN,0.9,period3
TRUMP ADMINISTRATION,KIM JONG-UN,DIPLOMACY,0.9,period3
JAMAL KHASHOGGI,SAUDI ARABIA,HUMANITARIAN,0.95,period3
DONALD TRUMP,GOP,NEUTRAL,0.9,period3
DONALD TRUMP,GOP ARMED SERVICES,THREAT,0.8,period3
UNITED STATES,JOE BIDEN,NEUTRAL,0.9,period3
UNITED STATES,TREATIES,DIPLOMACY,0.8,period3
NORTH KOREA,TREATIES,DIPLOMACY,0.9,period3
GOP,SENATE,NEUTRAL,0.8,period3
NORTH KOREA,US SOLDIERS,DIPLOMACY,0.7,period3
JOHN BOLTON,UN RESOLUTION,NEUTRAL,0.8,period3
BIDEN,PUTIN,DIPLOMACY,0.9,period3
PUTIN,TRUMP,DIPLOMACY,0.8,period3
NORTH KOREA,WISE HONEST,NEUTRAL,0.9,period3
TRUMP,MAGAHATS,NEUTRAL,0.9,period3
WISE HONEST,U.S.,ECONOMIC,0.9,period3
U.S.,SANCTIONS,ECONOMIC,0.8,period3
UNITED STATES,JUSTICE DEPARTMENT,NEUTRAL,0.9,period3
NORTH KOREA,DEMOCRATIC PEOPLE'S REPUBLIC OF KOREA,NEUTRAL,0.9,period3
M/V WISE HONEST,JUSTICE DEPARTMENT,ECONOMIC,0.9,period3
NORTH KOREA,DEFECTORS,HUMANITARIAN,0.9,period3
NORTH KOREA,WAR,THREAT,0.9,period3
TRUMP,BUSH,NEUTRAL,0.85,period3
U.S.,NORTH KOREAN SHIP,ECONOMIC,0.9,period3
NORTH KOREAN SHIP,COAL,ECONOMIC,0.9,period3
NORTH KOREA,MULTIPLE ROCKET LAUNCHERS,THREAT,0.9,period3
TRUMP,NUCLEAR TALKS,DIPLOMACY,0.9,period3
TRUMP,NORTH KOREAN WEAPONS TEST,DIPLOMACY,0.85,period3
KIM JONG UN,NORTH KOREAN WEAPONS TEST,THREAT,0.9,period3
VLADIMIR PUTIN,DONALD TRUMP,NEUTRAL,0.9,period3
VLADIMIR PUTIN,NORTH KOREAN GENERAL,DIPLOMACY,0.9,period3
DONALD TRUMP,NORTH KOREAN GENERAL,DIPLOMACY,0.8,period3
DONALD TRUMP,MEDICARE-FOR-ALL,NEUTRAL,0.9,period3
VENEZUELA,MADURO,NEUTRAL,0.8,period3
COUP ATTEMPT,MADURO,NEUTRAL,0.8,period3
PUTIN,KIM JONG UN,THREAT,0.8,period3
MARINE VET,NORTH KOREAN EMBASSY,THREAT,0.85,period3
MARINE VET,US AUTHORITIES,NEUTRAL,0.8,period3
MARINE VET,SPAIN,NEUTRAL,0.9,period3
MARINE VET,BLACK OPS,THREAT,0.8,period3
TRUMP,US,DIPLOMACY,0.9,period3
TRUMP,NUCLEAR NEGOTIATIONS,DIPLOMACY,0.9,period3
KIM JONG UN,NUCLEAR NEGOTIATIONS,DIPLOMACY,0.9,period3
KIM JONG UN,NORTH KOREAN STATE-RUN MEDIA,NEUTRAL,0.8,period3
US,NORTH KOREAN EMBASSY,DIPLOMACY,0.9,period3
US,BLACKOPS,NEUTRAL,0.8,period3
NORTH KOREAN DEFECTOR GROUP,MADRID EMBASSY RAID,THREAT,0.8,period3
NORTH KOREAN DEFECTOR GROUP,NORTH KOREA,HUMANITARIAN,0.8,period3
MADRID EMBASSY RAID,ANTI-NORTH KOREAN GROUP,THREAT,0.8,period3
MADRID EMBASSY RAID,SPAIN,NEUTRAL,0.9,period3
NORTH KOREA,SUNG-YOON LEE,NEUTRAL,0.8,period3
NORTH KOREA,ANTI-NORTH KOREAN GROUP,THREAT,0.8,period3
ANTI-NORTH KOREAN GROUP,FBI,NEUTRAL,0.9,period3
NORTH KOREAN DISSIDENT GROUP,SPANISH EMBASSY,NEUTRAL,0.85,period3
NORTH KOREAN DISSIDENT GROUP,FBI,NEUTRAL,0.8,period3
NORTH KOREAN DISSIDENT GROUP,CIA,NEUTRAL,0.8,period3
SEOUL,NORTH KOREA,DIPLOMACY,0.9,period3
NORTH KOREA,MISSILE SITES,THREAT,0.9,period3
NORTH KOREA,NORTH KOREAN INDUSTRIAL ZONE,ECONOMIC,0.85,period3
NORTH KOREA,NORTH KOREAN TRADE PROHIBITIONS,ECONOMIC,0.9,period3
NORTH KOREA,MISSILE SITE,THREAT,0.95,period3
NORTH KOREA,NORTH KOREAN LAUNCH SITE,THREAT,0.9,period3
JOHN BOLTON,NOBEL PEACE PRIZE,DIPLOMACY,0.7,period3
JOHN BOLTON,SAMSUNG,NEUTRAL,0.8,period3
CIA,NORTH KOREAN EMBASSY,NEUTRAL,0.85,period3
NORTH KOREA,MISSILE TESTING,THREAT,0.85,period3
NORTH KOREA,NORTH KOREAN COMMITMENTS,THREAT,0.85,period3
TRUMP,U.S.,DIPLOMACY,0.9,period3
TRUMP,PRESIDENT OF THE UNITED STATES,NEUTRAL,0.9,period3
TRUMP,FORMER VICE PRESIDENT,NEUTRAL,0.9,period3
KIM JONG UN,FORMER VICE PRESIDENT,NEUTRAL,0.8,period3
NORTH KOREA,U.S. MILITARY,THREAT,0.95,period3
SOUTH KOREA,U.S. MILITARY,THREAT,0.9,period3
NORTH KOREA,MILITARY EXERCISE,THREAT,0.9,period3
NORTH KOREA,DIALOGUE,DIPLOMACY,0.85,period3
NORTH KOREA,PROJECTILE,THREAT,0.9,period3
NORTH KOREA,WONSAN,THREAT,0.9,period3
KIM JONG UN,NUCLEAR TEST,THREAT,0.9,period3
PENTAGON,MILITARY EXERCISE,THREAT,0.9,period3
DIALOGUE,DENUCLEARIZATION,DIPLOMACY,0.95,period3
KIM JONG UN,SAMJION,NEUTRAL,0.9,period3
KIM JONG UN,AIR DRILLS,THREAT,0.9,period3
KIM JONG UN,NUCLEAR TALKS,DIPLOMACY,0.9,period3
KIM JONG UN,CHRISTMAS GIFT,THREAT,0.95,period3
KIM JONG UN,NORTH KOREAN MISSILE,THREAT,0.9,period3
KIM JONG UN,POPE FRANCIS,DIPLOMACY,0.95,period3
DONALD TRUMP,CHRISTMAS GIFT,THREAT,0.85,period3
KIM JONG UN,MOUNT PAETKU,NEUTRAL,0.8,period3
KIM JONG UN,NORTH KOREAN SPA RESORT,NEUTRAL,0.8,period3
KIM JONG UN,U.S.-NORTH KOREA SUMMIT,DIPLOMACY,0.9,period3
KIM JONG UN,NORTH KOREAN NUCLEAR NEGOTIATIONS,DIPLOMACY,0.9,period3
KIM JONG UN,TERRORISM BLACKLIST,DIPLOMACY,0.8,period3
KIM JONG UN,SIX IN TEN NORTH KOREAN REFUGEES,HUMANITARIAN,0.85,period3
KIM JONG UN,ECONOMIC WOES,ECONOMIC,0.9,period3
NORTH KOREA,NORTH KOREA'S GOVERNMENT,NEUTRAL,0.9,period3
KIM JONG UN,SITI AISYAH,NEUTRAL,0.85,period3
KIM JONG UN,NORTH KOREA CONSTITUTION,NEUTRAL,0.9,period3
KIM JONG UN,KCNA,NEUTRAL,0.9,period3
NORTH KOREA,U.S. ARMY,THREAT,0.9,period3
NORTH KOREA,U.N. SECURITY COUNCIL,THREAT,0.9,period3
NORTH KOREA,NUCLEAR NEGOTIATIONS,DIPLOMACY,0.9,period3
NORTH KOREA,70 YEARS OF DIPLOMATIC RELATIONS,DIPLOMACY,0.95,period3
NORTH KOREA,NORTH KOREAN HACKERS,NEUTRAL,0.85,period3
TRUMP,U.N. SECURITY COUNCIL,DIPLOMACY,0.9,period3
NUCLEAR NEGOTIATIONS,MISSILE TESTS,THREAT,0.9,period3
NORTH KOREA,MICROSOFT,THREAT,0.9,period3
NORTH KOREA,ETHEREUM DEVELOPER,ECONOMIC,0.85,period3
NORTH KOREA,NHK,THREAT,0.9,period3
NORTH KOREA,RUSSIAN EMBASSY IN PYONGYANG,DIPLOMACY,0.9,period3
NORTH KOREA,JOINT EDZ WITH CHINA,ECONOMIC,0.9,period3
MICROSOFT,NORTH KOREAN HACKERS,THREAT,0.85,period3
JAPAN,NORTH KOREAN BOAT,THREAT,0.8,period3
UNITED STATES,NORTH KOREAN TEST LAUNCHES,THREAT,0.8,period3
UNITED STATES,NORTH KOREAN NUCLEAR TEST,THREAT,0.8,period3
NORTH KOREAN MALWARE,INDIAN NUCLEAR POWER PLANT,THREAT,0.9,period3
NORTH KOREAN DEFECTOR,SOUTH KOREAN INTELLIGENCE OFFICERS,NEUTRAL,0.85,period3
INDIAN NUCLEAR POWER PLANT,NORTH KOREA,THREAT,0.95,period3
INDIAN NUCLEAR POWER PLANT,NORTH KOREAN MALWARE,THREAT,0.9,period3
NORTH KOREA,NORTH KOREAN DEFECTOR,HUMANITARIAN,0.95,period3
NORTH KOREA,RUSSIAN FISHERMEN,NEUTRAL,0.8,period3
UNITED STATES,NORTH KOREAN BEACH RESORT,ECONOMIC,0.85,period3
JAPAN,NORTH KOREAN MISSILES,THREAT,0.95,period3
NORTH KOREA,CHRISTMAS GIFT,THREAT,0.95,period3
NORTH KOREA,UN GREEN CLIMATE FUND,DIPLOMACY,0.85,period3
NORTH KOREA,NORTH KOREA'S DEFENSE INDUSTRY,THREAT,0.85,period3
NORTH KOREA,NORTH KOREA'S PLENARY MEETING,THREAT,0.9,period3
NORTH KOREA,NORTH KOREA'S THREAT,THREAT,0.9,period3
KIM,CHRISTMAS GIFT,THREAT,0.95,period3
KIM,NORTH KOREA'S RULING PARTY,THREAT,0.8,period3
NORTH KOREA,ANTI-US HARD-LINE POLICY,THREAT,0.8,period3
NORTH KOREA,NORTH KOREA'S 'CHRISTMAS GIFT',THREAT,0.9,period3
NORTH KOREA,HANOI,DIPLOMACY,0.95,period3
UNITED STATES,NORTH KOREA'S NUCLEAR PROGRAM,DIPLOMACY,0.9,period3
UNITED STATES,NORTH KOREA'S HUMAN RIGHTS CRITICISM,HUMANITARIAN,0.9,period3
SOUTH KOREA,MOON,DIPLOMACY,0.9,period3
TRUMP,KIM JONG UN'S LETTER TO TRUMP,DIPLOMACY,0.9,period3
NORTH KOREA,ASIAN SUMMIT,DIPLOMACY,0.85,period3
UNITED STATES,NUCLEAR DISARMAMENT,DIPLOMACY,0.95,period3
KIM JONG-UN,TRUMP-KIM FRIENDSHIP,DIPLOMACY,0.9,period3
DONALD TRUMP,HURRICANE DORIAN,NEUTRAL,0.8,period3
DONALD TRUMP,TRUMP-KIM FRIENDSHIP,DIPLOMACY,0.95,period3
NORTH KOREA,NORTH KOREAN MISSILE TESTS,THREAT,0.9,period3
NORTH KOREA,BLOCKCHAIN TALK,NEUTRAL,0.8,period3
NORTH KOREA,U.S.-SOUTH KOREAN MILITARY EXERCISE,THREAT,0.9,period3
NORTH KOREA,DEFENSE INTELLIGENCE AGENCY,THREAT,0.9,period3
TRUMP,KIM DARROCH,DIPLOMACY,0.85,period3
SOUTH KOREA,AFRICAN SWINE FEVER,THREAT,0.85,period3
KIM DARROCH,BORIS JOHNSON,NEUTRAL,0.9,period3
NORTH KOREA,HOSTILE POLICY,DIPLOMACY,0.8,period3
NORTH KOREA,PRESIDENT TRUMP,DIPLOMACY,0.9,period3
NORTH KOREA,SWEDEN,DIPLOMACY,0.9,period3
NORTH KOREA,BILATERAL TALKS,DIPLOMACY,0.9,period3
SOUTH KOREA,MT KUMGANG RESORT,DIPLOMACY,0.95,period3
UNITED STATES,HOSTILE POLICY,DIPLOMACY,0.85,period3
NORTH KOREA,TALKS,DIPLOMACY,0.9,period3
NORTH KOREA,NORTH KOREA'S NUCLEAR TALKS,DIPLOMACY,0.85,period3
KIM JONG-UN,TALKS,DIPLOMACY,0.9,period3
KIM JONG-UN,IVANKA TRUMP,DIPLOMACY,0.9,period3
KIM JONG-UN,NORTH KOREA'S NEW ROCKET SYSTEM,THREAT,0.95,period3
SOUTH KOREA,TALKS,DIPLOMACY,0.9,period3
U.S.,TALKS,DIPLOMACY,0.9,period3
NORTH KOREA,SHORT-RANGE BALLISTIC MISSILE,THREAT,0.95,period3
NORTH KOREA,NORTH KOREA,THREAT,0.8,period3
NORTH KOREA,SUBMARINE-CAPABLE BALLISTIC MISSILE,THREAT,0.95,period3
INF TREATY,TRUMP ADMINISTRATION,THREAT,0.85,period3
U.N. MEETING ON HUMAN RIGHTS ABUSES,TRUMP ADMINISTRATION,HUMANITARIAN,0.9,period3
BOLTON,TRUMP POLICY,NEUTRAL,0.8,period3
OTTO WARMBIER,TRUMP POLICY,HUMANITARIAN,0.85,period3
NORTH KOREA POLICY,TRUMP POLICY,DIPLOMACY,0.8,period3
JAPAN,CHINA,THREAT,0.9,period3
JAPAN,NORTH KOREA,THREAT,0.95,period3
NORTH KOREA,SUBMARINE-LAUNCHED BALLISTIC MISSILE,THREAT,0.95,period3
NORTH KOREA,US ENVOY STEPHEN BIEGUN,DIPLOMACY,0.95,period3
TAKESHI IWAYA,SOUTH KOREA,DIPLOMACY,0.9,period3
SOUTH KOREA,INTELLIGENCE-SHARING PACT,THREAT,0.9,period3
US,HUMAN RIGHTS RECORD,DIPLOMACY,0.8,period3
NORTH KOREA,U.N. SANCTIONS,THREAT,0.85,period3
NORTH KOREA,LATVIA,ECONOMIC,0.8,period3
NORTH KOREA,TRUMP-KIM MEETING,DIPLOMACY,0.85,period3
KIM JONG UN,SUBMARINE-LAUNCHED BALLISTIC MISSILE,THREAT,0.9,period3
NORTH KOREA,JAY SOLOMON,NEUTRAL,0.8,period3
NORTH KOREA,WARGAMES,THREAT,0.9,period3
UNITED STATES,FINANCIAL BURDEN,ECONOMIC,0.85,period3
TAIWAN,CHINA,NEUTRAL,0.8,period3
NORTH KOREA,MISSILE DEFENSE,THREAT,0.95,period3
NORTH KOREA,MEDIUM RANGE MISSILE,THREAT,0.95,period3
NORTH KOREA,BANGLADESH,ECONOMIC,0.85,period3
NORTH KOREA,NORTH KOREAN REGIME,THREAT,0.9,period3
NORTH KOREA,U.S. MILITARY BASES,THREAT,0.95,period3
NORTH KOREA,NORTH KOREAN MISSILE TEST,THREAT,0.9,period3
SOUTH KOREA,KIM JONG UN,THREAT,0.95,period3
US,MISSILE DEFENSE,THREAT,0.9,period3
US,NORTH KOREA-UNITED STATES NUCLEAR TALKS,DIPLOMACY,0.9,period3
KIM JONG UN,MISSILE DEFENSE,THREAT,0.9,period3
KIM JONG UN,NORTH KOREAN MISSILE TEST,THREAT,0.9,period3
NORTH KOREA,GHOST SHIP,HUMANITARIAN,0.9,period3
UNITED STATES,BOLTON,NEUTRAL,0.9,period3
UNITED STATES,NORTH KOREA ACCORDS,DIPLOMACY,0.9,period3
NORTH KOREA,ETHEREUM,ECONOMIC,0.85,period3
NORTH KOREA,UN SANCTIONS,THREAT,0.9,period3
NORTH KOREA,HUMAN RIGHTS,HUMANITARIAN,0.9,period3
KIM JONG-UN,ROCKET MAN,THREAT,0.9,period3
NORTH KOREA,EU,DIPLOMACY,0.9,period3
NORTH KOREA,PEACE TALKS,DIPLOMACY,0.9,period3
NORTH KOREA,U.S. TERRORISM REPORT,THREAT,0.7,period3
NORTH KOREA,NORTH KOREA'S NUKES,THREAT,0.9,period3
NORTH KOREA,SHORT-RANGE BALLISTIC MISSILES,THREAT,0.95,period3
SOUTH KOREA,DIALOGUE PLEDGE,DIPLOMACY,0.8,period3
DONALD TRUMP,DIALOGUE PLEDGE,DIPLOMACY,0.85,period3
MISSILE TESTS,U.S.,THREAT,0.95,period3
NORTH KOREA,BIOLOGICAL WEAPONS CONVENTION,THREAT,0.85,period3
NORTH KOREA,ISLANDS OF PYONGYANG,NEUTRAL,0.9,period3
NORTH KOREA,NORTH KOREA SANCTIONS,THREAT,0.9,period3
NORTH KOREA,MEDIUM-RANGE MISSILE,THREAT,0.9,period3
NORTH KOREA,NORTH KOREA-US TENSIONS,THREAT,0.95,period3
NORTH KOREA,NUCLEAR TESTS,THREAT,0.9,period3
NORTH KOREA,MILITARY THREATS,THREAT,0.95,period3
NORTH KOREA,NORTH KOREA'S NUCLEAR WEAPONS PROGRAM,THREAT,0.9,period3
UNITED STATES,MILITARY EXERCISES,THREAT,0.85,period3
KIM JONG UN,NORTH KOREAN NUCLEAR PROGRAM,THREAT,0.9,period3
KIM JONG UN,KIM JONG UN'S 'CHRISTMAS GIFT',THREAT,0.95,period3
KIM JONG UN,NUCLEAR WEAPONS,THREAT,0.9,period3
KIM JONG UN,VLADIMIR PUTIN,NEUTRAL,0.9,period3
KIM JONG UN,CHRISTINE BLASEY FORD,NEUTRAL,0.8,period3
KIM JONG UN,NORTH KOREAN DICTATOR,NEUTRAL,0.8,period3
DONALD TRUMP,KANYE WEST,NEUTRAL,0.9,period3
DONALD TRUMP,MELANIA TRUMP,NEUTRAL,0.9,period3
DONALD TRUMP,US-NORTH KOREA NUCLEAR TALKS,DIPLOMACY,0.9,period3
NORTH KOREA,US-NORTH KOREA NUCLEAR TALKS,DIPLOMACY,0.9,period3
NORTH KOREA,G-7,THREAT,0.8,period3
US-NORTH KOREA NUCLEAR TALKS,DENUCLEARIZATION,DIPLOMACY,0.9,period3
NORTH KOREA,NORTH KOREAN MISSILES,THREAT,0.9,period3
NORTH KOREA,NUCLEAR FREEZE,DIPLOMACY,0.9,period3
NORTH KOREA,NORTH KOREAN NUCLEAR TALKS,DIPLOMACY,0.85,period3
NORTH KOREA,NORTH KOREAN TEST SITE,THREAT,0.9,period3
UNITED STATES,NORTH KOREAN NUCLEAR TALKS,DIPLOMACY,0.9,period3
NORTH KOREA,RUSSIAN EMBASSY,DIPLOMACY,0.9,period3
NORTH KOREA,NORTH KOREAN CYBERATTACKS,THREAT,0.9,period3
NORTH KOREA,NORTH KOREAN MISSILE,THREAT,0.95,period3
NORTH KOREA,NORTH KOREAN AMBASSADOR,DIPLOMACY,0.9,period3
NORTH KOREA,NORTH KOREAN HUMAN RIGHTS RECORD,HUMANITARIAN,0.9,period3
DENUCLEARIZATION,NORTH KOREAN REGIME,DIPLOMACY,0.9,period3
SOUTH KOREA,NORTH KOREAN SOLDIER,THREAT,0.9,period3
NORTH KOREA,WHITE HOUSE,THREAT,0.9,period3
NORTH KOREA,SPACE FORCE,THREAT,0.9,period3
TRUMP,HUMAN RIGHTS CRITICISM,HUMANITARIAN,0.9,period3
U.S.,HUMAN RIGHTS CRITICISM,HUMANITARIAN,0.9,period3
NORTH KOREA,NORTH KOREA NUCLEAR TALKS,THREAT,0.9,period3
NORTH KOREA,INF TREATY,THREAT,0.85,period3
DONALD TRUMP,NORTH KOREA NUCLEAR TALKS,DIPLOMACY,0.9,period3
TRUMP,IMPEACHMENT HEARINGS,DIPLOMACY,0.8,period3
TRUMP,PRISON REFORM,NEUTRAL,0.9,period3
TRUMP,GERMANS,THREAT,0.9,period3
TRUMP,KIM KARDASHIAN,DIPLOMACY,0.8,period3
KIM JONG UN,NUCLEAR WEAPONS PROGRAM,THREAT,0.9,period3
KIM JONG UN,GERMANS,THREAT,0.9,period3
KIM JONG UN,USA,DIPLOMACY,0.9,period3
NORTH KOREA,MULTIPLE ROCKET LAUNCHER,THREAT,0.95,period3
SEAN FEUCHT,TRUMP,NEUTRAL,0.8,period3
KIM KARDASHIAN WEST,TRUMP,DIPLOMACY,0.8,period3
KIM KARDASHIAN WEST,PRISON REFORM,NEUTRAL,0.8,period3
TRUMP,ELECTION INTERFERENCE,DIPLOMACY,0.8,period3
US,NUCLEAR TALKS,DIPLOMACY,0.95,period3
NORTH KOREA,KIM JONG-UN'S REGIME,NEUTRAL,0.9,period3
UNITED STATES,MIKE POMPEO,DIPLOMACY,0.9,period3
KIM JONG-UN,NUCLEAR TALKS,DIPLOMACY,0.9,period3
KIM JONG-UN,MISSILE TESTS,THREAT,0.9,period3
DONALD TRUMP,PEACE TALKS,DIPLOMACY,0.95,period3
MIKE POMPEO,NUCLEAR TALKS,DIPLOMACY,0.9,period3
MIKE POMPEO,PEACE TALKS,DIPLOMACY,0.9,period3
KIM JONG-UN,RONALD REAGAN,NEUTRAL,0.85,period3
KIM JONG-UN,TRUMP'S MEETING WITH KIM,DIPLOMACY,0.9,period3
DONALD TRUMP,OBAMA ADMINISTRATION,DIPLOMACY,0.9,period3
NORTH KOREA,NORTH KOREA'S DOTARD LABEL,THREAT,0.8,period3
NORTH KOREA,NORTH KOREA'S PROJECTILE LAUNCHES,THREAT,0.8,period3
NORTH KOREA,TED CRUZ,NEUTRAL,0.85,period3
US,NUCLEAR PROPOSAL,DIPLOMACY,0.9,period3
US,US TRAVEL BAN,THREAT,0.9,period3
NORTH KOREA,NUCLEAR ARMS PROGRAM,THREAT,0.9,period3
NORTH KOREA,MANHATTAN U.S. ATTORNEY,ECONOMIC,0.9,period3
NORTH KOREA,BITCOIN MONEY LAUNDERING,ECONOMIC,0.9,period3
NORTH KOREA,U.S. CITIZEN,ECONOMIC,0.9,period3
JOHN BOLTON,TRUMP ADMINISTRATION,NEUTRAL,0.9,period3
DENNIS RODMAN,NORTH KOREA,DIPLOMACY,0.9,period3
DENNIS RODMAN,AMERICA,DIPLOMACY,0.9,period3
NORTH KOREA,AMERICA,ECONOMIC,0.9,period3
AMERICA,TURKEY,ECONOMIC,0.9,period3
AMERICA,IRAN,ECONOMIC,0.9,period3
TURKEY,IRAN,NEUTRAL,0.9,period3
KIM DARROCH,WHITEHOUSE ADMINISTRATION,DIPLOMACY,0.8,period3
WHITEHOUSE ADMINISTRATION,BREXIT,DIPLOMACY,0.8,period3
